-- SITAPSI STANDALONE FULL DEMO (DB PORTAL1)
-- Generated for SITAPSI 1 & 2 Synchronization

DROP DATABASE IF EXISTS db_portal1;
CREATE DATABASE db_portal1;
USE db_portal1;

SET SQL_MODE = "NO_AUTO_VALUE_ON_ZERO";
SET FOREIGN_KEY_CHECKS = 0;
START TRANSACTION;

CREATE TABLE tb_admin (
    id_admin INT AUTO_INCREMENT PRIMARY KEY,
    username VARCHAR(50) NOT NULL,
    password VARCHAR(255) NOT NULL, 
    nama_lengkap VARCHAR(100) NOT NULL,
    role ENUM('AdminPusat', 'Admin', 'KepalaSekolah') DEFAULT 'Admin',
    status ENUM('Aktif', 'Suspend') DEFAULT 'Aktif',
    created_at TIMESTAMP DEFAULT CURRENT_TIMESTAMP
);

INSERT INTO tb_admin (id_admin, username, password, nama_lengkap, role) VALUES 
(1, 'admin', 'admin123', 'Admin SITAPSI', 'AdminPusat'),
(2, 'admintatib', 'admin123', 'Tim Kedisiplinan', 'Admin'),
(3, 'kepsek', 'kepsek123', 'Kepala Sekolah', 'KepalaSekolah');

CREATE TABLE tb_tahun_ajaran (
    id_tahun INT AUTO_INCREMENT PRIMARY KEY,
    nama_tahun VARCHAR(20) NOT NULL,
    status ENUM('Aktif', 'Arsip') DEFAULT 'Aktif', 
    semester_aktif ENUM('Ganjil', 'Genap') DEFAULT 'Ganjil'
);

INSERT INTO tb_tahun_ajaran (id_tahun, nama_tahun, status, semester_aktif) VALUES 
(1, '2023/2024', 'Arsip', 'Genap'),
(2, '2024/2025', 'Arsip', 'Genap'),
(3, '2025/2026', 'Aktif', 'Genap');

CREATE TABLE tb_kelas (
    id_kelas INT AUTO_INCREMENT PRIMARY KEY,
    nama_kelas VARCHAR(10) NOT NULL,
    tingkat INT NOT NULL
);

INSERT INTO tb_kelas (id_kelas, nama_kelas, tingkat) VALUES 
(1, 'VII A', 7), (2, 'VII B', 7), (3, 'VII C', 7), (4, 'VII D', 7), (5, 'VII E', 7),
(6, 'VIII A', 8), (7, 'VIII B', 8), (8, 'VIII C', 8), (9, 'VIII D', 8), (10, 'VIII E', 8),
(11, 'IX A', 9), (12, 'IX B', 9), (13, 'IX C', 9), (14, 'IX D', 9), (15, 'IX E', 9);

CREATE TABLE tb_guru (
    id_guru INT AUTO_INCREMENT PRIMARY KEY,
    nama_guru VARCHAR(100) NOT NULL,
    nip VARCHAR(30),
    kode_guru VARCHAR(10),
    id_kelas INT NULL,
    pin_validasi VARCHAR(6) NOT NULL,
    status ENUM('Aktif', 'Non-Aktif') DEFAULT 'Aktif'
);

CREATE TABLE tb_siswa (
    no_induk VARCHAR(50) PRIMARY KEY,
    nama_siswa VARCHAR(100) NOT NULL,
    jenis_kelamin ENUM('L', 'P') NOT NULL,
    kota VARCHAR(100),
    tanggal_lahir DATE,
    alamat TEXT,
    nama_ayah VARCHAR(150),
    pekerjaan_ayah VARCHAR(100),
    nama_ibu VARCHAR(150),
    pekerjaan_ibu VARCHAR(100),
    no_hp_ortu VARCHAR(15),
    id_ortu INT NULL,
    status_aktif ENUM('Aktif', 'Lulus', 'Keluar', 'Dikeluarkan') DEFAULT 'Aktif'
);

CREATE TABLE tb_anggota_kelas (
    id_anggota BIGINT AUTO_INCREMENT PRIMARY KEY,
    no_induk VARCHAR(50) NOT NULL, 
    id_kelas INT NOT NULL,
    id_tahun INT NOT NULL,
    poin_kelakuan INT DEFAULT 0,
    poin_kerajinan INT DEFAULT 0,
    poin_kerapian INT DEFAULT 0,
    total_poin_umum INT DEFAULT 0,
    status_sp_kelakuan ENUM('Aman', 'SP1', 'SP2', 'SP3', 'Sanksi oleh Sekolah') DEFAULT 'Aman',
    status_sp_kerajinan ENUM('Aman', 'SP1', 'SP2', 'SP3', 'Sanksi oleh Sekolah') DEFAULT 'Aman',
    status_sp_kerapian ENUM('Aman', 'SP1', 'SP2', 'SP3', 'Sanksi oleh Sekolah') DEFAULT 'Aman',
    status_sp_terakhir ENUM('Aman', 'SP1', 'SP2', 'SP3', 'Sanksi oleh Sekolah') DEFAULT 'Aman',
    status_reward ENUM('None', 'Kandidat Reward Semester','Kandidat Sertifikat') DEFAULT 'None'
);

CREATE TABLE tb_kategori_pelanggaran (
    id_kategori INT AUTO_INCREMENT PRIMARY KEY,
    nama_kategori VARCHAR(50) NOT NULL
);

INSERT INTO tb_kategori_pelanggaran (id_kategori, nama_kategori) VALUES (1, 'KELAKUAN'), (2, 'KERAJINAN'), (3, 'KERAPIAN');

CREATE TABLE tb_sanksi_ref (
    id_sanksi_ref INT AUTO_INCREMENT PRIMARY KEY,
    kode_sanksi VARCHAR(5) NOT NULL, 
    deskripsi TEXT NOT NULL,
    status ENUM('Aktif', 'Non-Aktif') DEFAULT 'Aktif'
);

INSERT INTO tb_sanksi_ref (id_sanksi_ref, kode_sanksi, deskripsi) VALUES 
(1, '1', 'Meminta maaf dan berjanji tidak mengulang'),
(2, '2', 'Dikeluarkan saat PBM (Proses Belajar Mengajar)'),
(3, '3', 'Mengganti/memperbaiki fasilitas sekolah yang rusak'),
(4, '4', 'Mengganti/mengembalikan uang atau barang yang dipinjam/diambil'),
(5, '5', 'Menjalani pembinaan oleh Wali Kelas'),
(6, '6', 'Membersihkan lingkungan sekolah'),
(7, '7', 'Pemanggilan orang tua/wali siswa'),
(8, '8', 'Menjalani pembinaan oleh BK'),
(9, '9', 'Menjalani pembinaan khusus oleh Tim Tatib'),
(10, '10', 'Diserahkan kembali pendidikannya kepada orang tua (Dikeluarkan)');

CREATE TABLE tb_jenis_pelanggaran (
    id_jenis INT AUTO_INCREMENT PRIMARY KEY,
    id_kategori INT NOT NULL,
    sub_kategori VARCHAR(100), 
    nama_pelanggaran TEXT NOT NULL,
    poin_default INT NOT NULL,
    sanksi_default VARCHAR(50), 
    status ENUM('Aktif', 'Non-Aktif') DEFAULT 'Aktif'
);

CREATE TABLE tb_aturan_sp (
    id_aturan_sp INT AUTO_INCREMENT PRIMARY KEY,
    id_kategori INT NOT NULL, 
    level_sp ENUM('SP1', 'SP2', 'SP3', 'Sanksi oleh Sekolah') NOT NULL,
    batas_bawah_poin INT NOT NULL
);

INSERT INTO tb_aturan_sp (id_kategori, level_sp, batas_bawah_poin) VALUES 
(1, 'SP1', 250), (1, 'SP2', 750), (1, 'SP3', 1500), (1, 'Sanksi oleh Sekolah', 2000),
(2, 'SP1', 75), (2, 'SP2', 300), (2, 'SP3', 450), (2, 'Sanksi oleh Sekolah', 600),
(3, 'SP1', 100), (3, 'SP2', 300), (3, 'SP3', 450), (3, 'Sanksi oleh Sekolah', 600);

CREATE TABLE tb_predikat_nilai (
    id_predikat INT AUTO_INCREMENT PRIMARY KEY,
    id_kategori INT NOT NULL,
    huruf_mutu CHAR(1) NOT NULL,
    batas_bawah INT NOT NULL,
    batas_atas INT NOT NULL,
    keterangan VARCHAR(100)
);

INSERT INTO tb_predikat_nilai (id_kategori, huruf_mutu, batas_bawah, batas_atas, keterangan) VALUES 
(1, 'A', 0, 49, 'Sangat Baik'), (1, 'B', 50, 249, 'Baik'), (1, 'C', 250, 1499, 'Cukup (SP1/SP2)'), (1, 'D', 1500, 9999, 'Kurang (SP3/Berat)'),
(2, 'A', 0, 24, 'Sangat Baik'), (2, 'B', 25, 74, 'Baik'), (2, 'C', 75, 449, 'Cukup (SP1/SP2)'), (2, 'D', 450, 9999, 'Kurang (SP3/Berat)'),
(3, 'A', 0, 49, 'Sangat Baik'), (3, 'B', 50, 99, 'Baik'), (3, 'C', 100, 449, 'Cukup (SP1/SP2)'), (3, 'D', 450, 9999, 'Kurang (SP3/Berat)');

CREATE TABLE tb_pelanggaran_header (
    id_transaksi BIGINT AUTO_INCREMENT PRIMARY KEY,
    id_anggota BIGINT NOT NULL,
    id_guru INT NOT NULL,
    id_tahun INT NOT NULL, 
    tanggal DATE NOT NULL,
    waktu TIME NOT NULL,
    semester ENUM('Ganjil', 'Genap') NOT NULL, 
    tipe_form ENUM('Piket', 'Kelas') NOT NULL,
    bukti_foto VARCHAR(255),
    lampiran_link TEXT NULL, 
    status_revisi ENUM('None', 'Pending', 'Disetujui', 'Ditolak') DEFAULT 'None',
    alasan_revisi TEXT NULL
);

CREATE TABLE tb_pelanggaran_detail (
    id_detail BIGINT AUTO_INCREMENT PRIMARY KEY,
    id_transaksi BIGINT NOT NULL,
    id_jenis INT NOT NULL,
    poin_saat_itu INT NOT NULL
);

CREATE TABLE tb_pelanggaran_sanksi (
    id_trans_sanksi BIGINT AUTO_INCREMENT PRIMARY KEY,
    id_transaksi BIGINT NOT NULL,
    id_sanksi_ref INT NOT NULL
);

CREATE TABLE tb_riwayat_sp (
    id_sp INT AUTO_INCREMENT PRIMARY KEY,
    id_anggota BIGINT NOT NULL,
    tingkat_sp ENUM('SP1', 'SP2', 'SP3', 'Sanksi oleh Sekolah') NOT NULL,
    kategori_pemicu VARCHAR(50), 
    tanggal_terbit DATE NOT NULL,
    tanggal_validasi DATE, 
    status ENUM('Pending', 'Selesai') DEFAULT 'Pending',
    id_admin INT, 
    catatan_admin TEXT NULL
);

CREATE TABLE tb_orang_tua (
    id_ortu INT AUTO_INCREMENT PRIMARY KEY,
    nik_ortu VARCHAR(20) UNIQUE NOT NULL, 
    password VARCHAR(255) NOT NULL, 
    nama_ayah VARCHAR(150),
    pekerjaan_ayah VARCHAR(100),
    nama_ibu VARCHAR(150),
    pekerjaan_ibu VARCHAR(100),
    no_hp_ortu VARCHAR(15),
    alamat TEXT,
    is_active TINYINT(1) DEFAULT 1,
    created_at TIMESTAMP DEFAULT CURRENT_TIMESTAMP
);

CREATE TABLE tb_feedback_ortu (
    id_feedback INT AUTO_INCREMENT PRIMARY KEY,
    id_ortu INT NOT NULL,
    id_sp INT NOT NULL,
    isi_feedback TEXT NOT NULL,
    tanggal_kirim DATETIME DEFAULT CURRENT_TIMESTAMP,
    status_baca ENUM('Belum Dibaca', 'Sudah Dibaca') DEFAULT 'Belum Dibaca',
    id_admin_pembaca INT NULL 
);


INSERT INTO tb_jenis_pelanggaran (id_jenis, id_kategori, sub_kategori, nama_pelanggaran, poin_default, sanksi_default) VALUES 
(1, 1, '01. Kegiatan Sekolah', 'Tidak mengikuti kegiatan wajib sekolah / upacara tanpa keterangan.', 100, '5'),
(2, 1, '01. Kegiatan Sekolah', 'Bergurau/tidak tertib saat kegiatan berlangsung', 100, '5'),
(3, 1, '02. Sikap & Moral', 'Berkata tidak sopan/kasar/jorok', 100, '1'),
(4, 1, '02. Sikap & Moral', 'Mencuri/memalak/meminta paksa', 500, '1,4,7'),
(5, 1, '02. Sikap & Moral', 'Berbohong', 100, '1'),
(6, 1, '02. Sikap & Moral', 'Menghina/mengejek Guru/Karyawan', 200, '1,5'),
(7, 1, '02. Sikap & Moral', 'Menghina/mengejek Siswa/Teman', 100, '1'),
(8, 1, '02. Sikap & Moral', 'Perundungan (Bullying)', 100, '1,5,7,8,9'),
(9, 1, '02. Sikap & Moral', 'Membanting pintu/melempar benda', 100, '1'),
(10, 1, '02. Sikap & Moral', 'Memanggil ortu dengan sebutan tidak sopan', 100, '1,2,5,8'),
(11, 1, '02. Sikap & Moral', 'Bersikap tidak sopan (duduk di meja dll)', 100, '1,2'),
(12, 1, '02. Sikap & Moral', 'Merayakan HUT teman secara negatif', 100, '1,5'),
(13, 1, '02. Sikap & Moral', 'Memicu keributan di medsos/sekolah', 100, '1,2,7,8'),
(14, 1, '02. Sikap & Moral', 'Membiarkan/mendorong kerusakan fasilitas', 100, '1,3'),
(15, 1, '02. Sikap & Moral', 'Membiarkan teman celaka/sakit', 100, '1,2,7,8'),
(16, 1, '03. Dokumen', 'Memalsukan surat/tanda tangan', 300, '7'),
(17, 1, '04. Rokok & Miras', 'Membawa rokok', 300, '7,8'),
(18, 1, '04. Rokok & Miras', 'Merokok (langsung/medsos)', 500, '7,8,9,10'),
(19, 1, '04. Rokok & Miras', 'Membawa minuman keras', 300, '7,8'),
(20, 1, '04. Rokok & Miras', 'Meminum minuman keras', 500, '7,8,9,10'),
(21, 1, '05. NAPZA', 'Membawa/mengedarkan/menggunakan NAPZA', 9999, '10'),
(22, 1, '06. Pelecehan Seksual', 'Membawa/akses/sebar konten porno', 300, '1,7'),
(23, 1, '06. Pelecehan Seksual', 'Melakukan tindakan Pelecehan Seksual', 500, '1,7,8,9'),
(24, 1, '07. Kekerasan', 'Terlibat perkelahian/main hakim sendiri', 300, '1,2,7,8,9'),
(25, 1, '07. Kekerasan', 'Mengancam Kepala Sekolah/Guru/Karyawan', 300, '10'),
(26, 1, '07. Kekerasan', 'Tindak kriminal terbukti hukum', 9999, '10'),
(27, 1, '08. Gank', 'Terlibat Gank negatif', 300, '1,7,8'),
(28, 1, '09. Sarana Prasarana', 'Mencorat-coret/merusak sarana sekolah', 75, '1,3'),
(29, 1, '09. Sarana Prasarana', 'Bermain alat PBM/sapu di kelas', 75, '1,3'),
(30, 1, '09. Sarana Prasarana', 'Makan dan minum di dalam kelas', 50, '1,2'),
(31, 1, '10. Ketertiban PBM', 'Ramai/tidak memperhatikan saat PBM', 50, '1,2'),
(32, 1, '10. Ketertiban PBM', 'Keluar kelas saat PBM tanpa izin', 50, '1,2'),
(33, 1, '10. Ketertiban PBM', 'Menyontek saat ulangan', 300, '1,5'),
(34, 1, '10. Ketertiban PBM', 'Mengambil alat PBM teman tanpa izin', 50, '1,2'),
(35, 1, '10. Ketertiban PBM', 'Penyalahgunaan HP saat PBM', 50, '1,2'),
(36, 1, '11. 10 K', 'Tidak mendukung 10 K', 50, '1,2,6'),
(37, 1, '12. Kendaraan', 'Mengendarai kendaraan bermotor sendiri', 300, '1,7,8,9'),
(38, 2, '01. Kehadiran', 'Terlambat sekolah/tambahan/ekstra', 25, '2,5,7,8'),
(39, 2, '02. Efektif Sekolah', 'Tidak hadir tanpa keterangan (Alpa)', 75, '7,8'),
(40, 2, '02. Efektif Sekolah', 'Meninggalkan sekolah saat PBM (Bolos)', 75, '7,8'),
(41, 2, '03. PBM', 'Tidak masuk kelas jam pertama', 300, '1,7'),
(42, 2, '03. PBM', 'Tidak ikut olahraga/praktikum tanpa izin', 500, '1,7,8,9'),
(43, 2, '04. Perlengkapan', 'Tidak bawa buku pelajaran', 50, '1,2'),
(44, 2, '04. Perlengkapan', 'Buku catatan campur/tidak rapi', 50, '1,2'),
(45, 2, '04. Perlengkapan', 'Tidak bawa LKS/PR/Tugas', 50, '1,2'),
(46, 2, '04. Perlengkapan', 'Membawa barang non-PBM', 75, '7,8'),
(47, 2, '04. Perlengkapan', 'Tidak membawa buku tatib/literasi', 25, '1'),
(48, 2, '05. Tugas', 'Mencontoh PR/Tugas', 50, '2'),
(49, 2, '05. Tugas', 'Tidak mengumpulkan PR/Tugas', 50, '2'),
(50, 2, '06. Ekstrakurikuler', 'Tidak ikut ekstra tanpa izin', 50, '7,8'),
(51, 2, '06. Ekstrakurikuler', 'Ramai saat kegiatan ekstra', 50, '2'),
(52, 2, '06. Ekstrakurikuler', 'Tidak ikut tambahan pelajaran', 50, '7'),
(53, 3, '01. Seragam', 'Seragam tidak sesuai ketentuan', 75, '1,2,5,7'),
(54, 3, '01. Seragam', 'Pakai rompi/jaket hanya aksesoris', 75, '1,2,5,7'),
(55, 3, '01. Seragam', 'Seragam olahraga dari rumah/saat pulang', 50, '1'),
(56, 3, '01. Seragam', 'Tidak pakai kaos dalam', 50, '1'),
(57, 3, '01. Seragam', 'Atribut tidak lengkap (topi/dasi/sabuk/dll)', 50, '1'),
(58, 3, '01. Seragam', 'Kaos kaki pendek/warna-warni/sepatu non-hitam', 50, '5'),
(59, 3, '01. Seragam', 'Seragam dicoret-coret', 100, '1'),
(60, 3, '01. Seragam', 'Mencoret anggota tubuh', 100, '1'),
(61, 3, '01. Seragam', 'Baju tidak dimasukkan/rok-celana tidak standar', 50, '1,2,5,7'),
(62, 3, '02. Aksesoris', 'Perhiasan/aksesoris berlebihan', 50, '1'),
(63, 3, '02. Aksesoris', 'Putra memakai gelang/anting/kalung', 50, '1'),
(64, 3, '02. Aksesoris', 'Putri memakai gelang/double anting', 50, '1'),
(65, 3, '02. Aksesoris', 'Kuku panjang/dicat', 50, '1'),
(66, 3, '03. Rambut', 'Rambut dicat', 100, '1,7'),
(67, 3, '03. Rambut', 'Putra rambut panjang/gundul', 50, '1'),
(68, 3, '03. Rambut', 'Rambut menutupi wajah/tidak rapi', 50, '1'),
(69, 3, '04. Kegiatan', 'Tidak rapi/bersepatu saat ekstra/tambahan', 50, '1'),
(70, 3, '05. Sepeda', 'Parkir sepeda tidak teratur/tidak dikunci', 25, '1')
;

INSERT INTO tb_guru (id_guru, nama_guru, nip, kode_guru, id_kelas, pin_validasi) VALUES 
(1, 'Sr. M. Elfrida Suhartati, SPM, S.Psi.,MM', '10001', '1', NULL, '123456'),
(2, 'Antonetta Maria Kuntodiati, S.Pd', '10002', '2', 9, '123456'),
(3, 'Dra. Maria Marsiti', '10003', '3', NULL, '123456'),
(4, 'Trianto Thomas, S.Pd', '10004', '4', 15, '123456'),
(5, 'Agustina Peni Sarasati, S.Pd', '10005', '5', 1, '123456'),
(6, 'Y. Pamungkas, S.Pd', '10006', '6', NULL, '123456'),
(7, 'Joseph Andiek Kristian, S.Pd, S.Kom', '10007', '7', NULL, '123456'),
(8, 'Albertha Yulanti Susetyo, M.Pd', '10008', '8', 4, '123456'),
(9, 'Galang Bagus Afridianto, M.Pd', '10009', '9', NULL, '123456'),
(10, 'Hendrik Kiswanto, S.Pd.', '10010', '10', NULL, '123456'),
(11, 'Margareta Esti Wulan, S.Pd.', '10011', '11', 14, '123456'),
(12, 'Theresia Sri Wahyuni, S.Pd, M.M.', '10012', '12', 12, '123456'),
(13, 'Yosua Beni Setiawan, S.Pd.', '10014', '14', NULL, '123456'),
(14, 'God Life Endob Mesak, S.Pd', '10015', '15', NULL, '123456'),
(15, 'Agnes Herawaty Sinurat, S.E., M.M.', '10016', '16', 3, '123456'),
(16, 'Deka Nanda Kurniawati, S.Pd.', '10017', '17', NULL, '123456'),
(17, 'Agatha Novenia Bintang Prieska, S.Pd.', '10018', '18', 2, '123456'),
(18, 'Bernadetha Devia Tindy Noveyra, S.Pd.', '10019', '19', 7, '123456'),
(19, 'Drs. Albertus Magnus Meo Depa', '10020', '20', NULL, '123456'),
(20, 'Giovani Bimby Dwiantonio, S.Pd', '10021', '21', 11, '123456'),
(21, 'Arnoldus Kobe Tegar Felix Sai, S.Pd.', '10022', '22', NULL, '123456'),
(22, 'Haniar Mey Sila Kinanti, S.Pd.', '10023', '23', 10, '123456'),
(23, 'Anjelina Wulandari Sitina De Sareng, S.Pd', '10024', '24', 6, '123456'),
(24, 'Lydia Uli Permatasari, S.Pd.', '10025', '25', 13, '123456'),
(25, 'Albertus Bayu Seto, S.Pd', '10026', '26', NULL, '123456'),
(26, 'Brigita Natalia Setyaningrum, S.Pd.', '10027', '27', 8, '123456'),
(27, 'Amelia Rangel Da Silva, S.Pd', '10028', '28', 5, '123456');
;

-- FASE: tb_orang_tua
INSERT INTO tb_orang_tua (id_ortu, nik_ortu, password, nama_ayah, pekerjaan_ayah, nama_ibu, pekerjaan_ibu, no_hp_ortu, alamat) VALUES
(101, '3573011086556799', 'e10adc3949ba59abbe56e057f20f883e', 'Prasetyo Setiawan', 'Polri', 'Fatmawati Budiman', 'Guru', '081188021101', 'Jl. Dinoyo No. 95, Malang'),
(102, '3573018110035256', 'e10adc3949ba59abbe56e057f20f883e', 'Budi Siregar', 'TNI', 'Maya Pohan', 'Dokter', '081125542521', 'Jl. Ijen No. 45, Malang'),
(103, '3573012505529692', 'e10adc3949ba59abbe56e057f20f883e', 'Bambang Wibowo', 'Guru', 'Rini Gunawan', 'Pilot', '081650522921', 'Jl. Sawojajar No. 39, Malang'),
(104, '3573011509201658', 'e10adc3949ba59abbe56e057f20f883e', 'Wahyu Setiawan', 'Wiraswasta', 'Fitri Pane', 'Supir', '081963091797', 'Jl. Veteran No. 79, Malang'),
(105, '3573016871472478', 'e10adc3949ba59abbe56e057f20f883e', 'Rizky Wibowo', 'Supir', 'Indah Sutrisno', 'Satpam', '081566477560', 'Jl. Sukarno Hatta No. 87, Malang'),
(106, '3573013605662903', 'e10adc3949ba59abbe56e057f20f883e', 'Ahmad Purnomo', 'Satpam', 'Dian Lubis', 'Wiraswasta', '081604019910', 'Jl. Langsep No. 6, Malang'),
(107, '3573013983447534', 'e10adc3949ba59abbe56e057f20f883e', 'Hadi Sutrisno', 'Supir', 'Utami Pane', 'Wiraswasta', '081742961885', 'Jl. Dinoyo No. 72, Malang'),
(108, '3573012716342624', 'e10adc3949ba59abbe56e057f20f883e', 'Slamet Purnomo', 'Wiraswasta', 'Wati Santoso', 'Wiraswasta', '081584206808', 'Jl. Sulfat No. 79, Malang'),
(109, '3573015672075602', 'e10adc3949ba59abbe56e057f20f883e', 'Yanto Lubis', 'Pilot', 'Wati Nugroho', 'Buruh', '081558370035', 'Jl. Semeru No. 27, Malang'),
(110, '3573012572454348', 'e10adc3949ba59abbe56e057f20f883e', 'Iwan Saputra', 'Satpam', 'Ani Raharjo', 'Arsitek', '081695919635', 'Jl. Dinoyo No. 89, Malang'),
(111, '3573016851577226', 'e10adc3949ba59abbe56e057f20f883e', 'Dimas Wahyudi', 'Satpam', 'Sari Ramadhan', 'Pedagang', '081463743171', 'Jl. Blimbing No. 51, Malang'),
(112, '3573015578263795', 'e10adc3949ba59abbe56e057f20f883e', 'Hamzah Kusuma', 'Polri', 'Lutfia Sutrisno', 'Guru', '081661081198', 'Jl. Sulfat No. 67, Malang'),
(113, '3573018020590338', 'e10adc3949ba59abbe56e057f20f883e', 'Husain Sitorus', 'Pedagang', 'Keysha Lubis', 'Nelayan', '081902420296', 'Jl. Dinoyo No. 29, Malang'),
(114, '3573011847718025', 'e10adc3949ba59abbe56e057f20f883e', 'Fajar Hidayat', 'Polri', 'Siska Permana', 'Guru', '081894965481', 'Jl. Sulfat No. 86, Malang'),
(115, '3573018801665645', 'e10adc3949ba59abbe56e057f20f883e', 'Dedi Ginting', 'Pilot', 'Dewi Ramadhan', 'Supir', '081176379250', 'Jl. Dinoyo No. 10, Malang'),
(116, '3573016827386978', 'e10adc3949ba59abbe56e057f20f883e', 'Zulkifli Nasution', 'Pilot', 'Eka Lubis', 'Petani', '081336150990', 'Jl. Dinoyo No. 47, Malang'),
(117, '3573019379373311', 'e10adc3949ba59abbe56e057f20f883e', 'Taufik Lubis', 'Satpam', 'Yuliana Sutrisno', 'Arsitek', '081354096009', 'Jl. Kawi No. 96, Malang'),
(118, '3573017718557403', 'e10adc3949ba59abbe56e057f20f883e', 'Slamet Permana', 'Dokter', 'Safira Wibowo', 'Satpam', '081229223973', 'Jl. Oro-oro Dowo No. 93, Malang'),
(119, '3573016272792988', 'e10adc3949ba59abbe56e057f20f883e', 'Umar Setiawan', 'Guru', 'Khadijah Sitorus', 'TNI', '081975394321', 'Jl. Blimbing No. 66, Malang'),
(120, '3573012721547986', 'e10adc3949ba59abbe56e057f20f883e', 'Sutrisno Wibowo', 'PNS', 'Eka Firmansyah', 'Wiraswasta', '081887851021', 'Jl. Semeru No. 99, Malang'),
(121, '3573015322749898', 'e10adc3949ba59abbe56e057f20f883e', 'Rizky Nasution', 'Dosen', 'Ratna Setiawan', 'Supir', '081406910676', 'Jl. Veteran No. 7, Malang'),
(122, '3573015609405482', 'e10adc3949ba59abbe56e057f20f883e', 'Slamet Ginting', 'PNS', 'Hana Pohan', 'Satpam', '081198952450', 'Jl. Dinoyo No. 62, Malang'),
(123, '3573015876999868', 'e10adc3949ba59abbe56e057f20f883e', 'Wahyu Ginting', 'Nelayan', 'Maryam Firmansyah', 'Petani', '081428973864', 'Jl. Dinoyo No. 71, Malang'),
(124, '3573013222737021', 'e10adc3949ba59abbe56e057f20f883e', 'Hendra Ginting', 'Petani', 'Zahra Hidayatullah', 'Perawat', '081930380288', 'Jl. Dinoyo No. 9, Malang'),
(125, '3573019205204316', 'e10adc3949ba59abbe56e057f20f883e', 'Andi Ramadhan', 'Polri', 'Mega Lubis', 'Petani', '081633795194', 'Jl. Semeru No. 50, Malang'),
(126, '3573017752249289', 'e10adc3949ba59abbe56e057f20f883e', 'Aditya Sitorus', 'Supir', 'Fitri Nugroho', 'Karyawan Swasta', '081530321431', 'Jl. Blimbing No. 22, Malang'),
(127, '3573019084354575', 'e10adc3949ba59abbe56e057f20f883e', 'Indra Sitorus', 'Pedagang', 'Nur Budiman', 'Dosen', '081502940771', 'Jl. Kawi No. 99, Malang'),
(128, '3573017727400103', 'e10adc3949ba59abbe56e057f20f883e', 'Eko Nugroho', 'Buruh', 'Rina Ginting', 'Arsitek', '081332252978', 'Jl. Oro-oro Dowo No. 51, Malang'),
(129, '3573013235358395', 'e10adc3949ba59abbe56e057f20f883e', 'Dedi Wijaya', 'Karyawan Swasta', 'Rina Santoso', 'TNI', '081656462974', 'Jl. Ijen No. 68, Malang'),
(130, '3573013598995993', 'e10adc3949ba59abbe56e057f20f883e', 'Wahyu Gunawan', 'Petani', 'Widya Sitorus', 'Buruh', '081536953732', 'Jl. Sulfat No. 49, Malang'),
(131, '3573018667113475', 'e10adc3949ba59abbe56e057f20f883e', 'Surya Permana', 'Satpam', 'Dian Pohan', 'Guru', '081332392118', 'Jl. Blimbing No. 66, Malang'),
(132, '3573012503918468', 'e10adc3949ba59abbe56e057f20f883e', 'Rizky Pohan', 'PNS', 'Siti Wahyudi', 'Pilot', '081966201339', 'Jl. Veteran No. 41, Malang'),
(133, '3573011162006276', 'e10adc3949ba59abbe56e057f20f883e', 'Eko Setiawan', 'Satpam', 'Linda Pane', 'Polri', '081885712005', 'Jl. Arjosari No. 39, Malang'),
(134, '3573019059441330', 'e10adc3949ba59abbe56e057f20f883e', 'Prasetyo Susanto', 'Arsitek', 'Maya Susanto', 'Karyawan Swasta', '081818010503', 'Jl. Sawojajar No. 38, Malang'),
(135, '3573019010227048', 'e10adc3949ba59abbe56e057f20f883e', 'Ali Saputra', 'Pilot', 'Siska Lubis', 'Pedagang', '081756745292', 'Jl. Dinoyo No. 86, Malang'),
(136, '3573018318293579', 'e10adc3949ba59abbe56e057f20f883e', 'Lukman Setiawan', 'Satpam', 'Sri Firmansyah', 'Pilot', '081317942552', 'Jl. Dinoyo No. 90, Malang'),
(137, '3573014277175654', 'e10adc3949ba59abbe56e057f20f883e', 'Umar Nugroho', 'Guru', 'Hana Raharjo', 'Pedagang', '081709784928', 'Jl. Sulfat No. 68, Malang'),
(138, '3573018206423339', 'e10adc3949ba59abbe56e057f20f883e', 'Agus Santoso', 'Guru', 'Lutfia Santoso', 'Satpam', '081662000153', 'Jl. Dinoyo No. 27, Malang'),
(139, '3573019552683502', 'e10adc3949ba59abbe56e057f20f883e', 'Wahyu Ginting', 'Petani', 'Khadijah Susanto', 'Wiraswasta', '081631980588', 'Jl. Dinoyo No. 94, Malang'),
(140, '3573018818682540', 'e10adc3949ba59abbe56e057f20f883e', 'Ahmad Pohan', 'Karyawan Swasta', 'Wati Lubis', 'Satpam', '081533841300', 'Jl. Ijen No. 80, Malang'),
(141, '3573016949731601', 'e10adc3949ba59abbe56e057f20f883e', 'Prasetyo Kusuma', 'TNI', 'Kartika Hidayat', 'Wiraswasta', '081653960201', 'Jl. Oro-oro Dowo No. 87, Malang'),
(142, '3573011697480795', 'e10adc3949ba59abbe56e057f20f883e', 'Prasetyo Santoso', 'Arsitek', 'Maryam Hidayatullah', 'Petani', '081947914873', 'Jl. Veteran No. 3, Malang'),
(143, '3573018135349663', 'e10adc3949ba59abbe56e057f20f883e', 'Ali Siregar', 'Pilot', 'Siska Wahyudi', 'Arsitek', '081882806435', 'Jl. Sukarno Hatta No. 93, Malang'),
(144, '3573011534254924', 'e10adc3949ba59abbe56e057f20f883e', 'Hamzah Firmansyah', 'Pedagang', 'Maryam Wahyudi', 'Supir', '081570819392', 'Jl. Sawojajar No. 94, Malang'),
(145, '3573017997849698', 'e10adc3949ba59abbe56e057f20f883e', 'Andi Nasution', 'Supir', 'Safira Wijaya', 'Arsitek', '081430490691', 'Jl. Ijen No. 76, Malang'),
(146, '3573018458079442', 'e10adc3949ba59abbe56e057f20f883e', 'Joko Permana', 'Petani', 'Zahra Wahyudi', 'Nelayan', '081194304471', 'Jl. Ijen No. 5, Malang'),
(147, '3573012383411964', 'e10adc3949ba59abbe56e057f20f883e', 'Zulkifli Saputra', 'Pedagang', 'Safira Susanto', 'Nelayan', '081493328933', 'Jl. Veteran No. 78, Malang'),
(148, '3573016515248589', 'e10adc3949ba59abbe56e057f20f883e', 'Yahya Kusuma', 'Guru', 'Hana Raharjo', 'Polri', '081800376054', 'Jl. Veteran No. 80, Malang'),
(149, '3573018276169325', 'e10adc3949ba59abbe56e057f20f883e', 'Budi Pratama', 'Nelayan', 'Linda Raharjo', 'PNS', '081783705095', 'Jl. Galunggung No. 30, Malang'),
(150, '3573017093042820', 'e10adc3949ba59abbe56e057f20f883e', 'Agus Pane', 'Pedagang', 'Lutfia Purnomo', 'Satpam', '081584187847', 'Jl. Blimbing No. 6, Malang'),
(151, '3573015269776278', 'e10adc3949ba59abbe56e057f20f883e', 'Rizky Siregar', 'Dokter', 'Tri Hidayatullah', 'Nelayan', '081952206856', 'Jl. Sawojajar No. 42, Malang'),
(152, '3573017010502380', 'e10adc3949ba59abbe56e057f20f883e', 'Dedi Susanto', 'Pilot', 'Utami Hidayatullah', 'Nelayan', '081481861344', 'Jl. Sukarno Hatta No. 82, Malang'),
(153, '3573017351961734', 'e10adc3949ba59abbe56e057f20f883e', 'Zaki Wibowo', 'Karyawan Swasta', 'Safira Setiawan', 'Polri', '081647614427', 'Jl. Langsep No. 73, Malang'),
(154, '3573017033817140', 'e10adc3949ba59abbe56e057f20f883e', 'Bayu Permana', 'Dokter', 'Siska Kusuma', 'Buruh', '081466582820', 'Jl. Langsep No. 44, Malang'),
(155, '3573017773232573', 'e10adc3949ba59abbe56e057f20f883e', 'Ridwan Budiman', 'Nelayan', 'Maryam Nugroho', 'Petani', '081221197109', 'Jl. Semeru No. 83, Malang'),
(156, '3573012167866546', 'e10adc3949ba59abbe56e057f20f883e', 'Prasetyo Raharjo', 'TNI', 'Siska Sutrisno', 'Karyawan Swasta', '081938351048', 'Jl. Galunggung No. 73, Malang'),
(157, '3573011967187446', 'e10adc3949ba59abbe56e057f20f883e', 'Surya Wijaya', 'Petani', 'Kartika Santoso', 'Dokter', '081797553868', 'Jl. Sulfat No. 33, Malang'),
(158, '3573019585407551', 'e10adc3949ba59abbe56e057f20f883e', 'Zulkifli Permana', 'Pilot', 'Putri Sutrisno', 'Pedagang', '081155998202', 'Jl. Kawi No. 57, Malang'),
(159, '3573012266255860', 'e10adc3949ba59abbe56e057f20f883e', 'Taufik Wibowo', 'Wiraswasta', 'Linda Hidayat', 'Arsitek', '081958417337', 'Jl. Veteran No. 11, Malang'),
(160, '3573013263029852', 'e10adc3949ba59abbe56e057f20f883e', 'Slamet Wahyudi', 'Buruh', 'Sri Sitorus', 'Petani', '081301634198', 'Jl. Veteran No. 92, Malang'),
(161, '3573019284356098', 'e10adc3949ba59abbe56e057f20f883e', 'Iwan Raharjo', 'Supir', 'Tri Saputra', 'PNS', '081543037145', 'Jl. Sukarno Hatta No. 41, Malang'),
(162, '3573013471175165', 'e10adc3949ba59abbe56e057f20f883e', 'Ahmad Ramadhan', 'TNI', 'Ani Budiman', 'Karyawan Swasta', '081292906653', 'Jl. Sulfat No. 85, Malang'),
(163, '3573014916008617', 'e10adc3949ba59abbe56e057f20f883e', 'Hadi Hidayat', 'Nelayan', 'Lestari Firmansyah', 'Guru', '081828726546', 'Jl. Galunggung No. 11, Malang'),
(164, '3573016376242009', 'e10adc3949ba59abbe56e057f20f883e', 'Zaki Pratama', 'TNI', 'Fatmawati Susanto', 'Pilot', '081240794518', 'Jl. Ijen No. 91, Malang'),
(165, '3573016235809053', 'e10adc3949ba59abbe56e057f20f883e', 'Bayu Ginting', 'TNI', 'Fatmawati Susanto', 'TNI', '081790296840', 'Jl. Kawi No. 79, Malang'),
(166, '3573011798859475', 'e10adc3949ba59abbe56e057f20f883e', 'Aris Raharjo', 'Buruh', 'Khadijah Saputra', 'Petani', '081370273872', 'Jl. Sawojajar No. 46, Malang'),
(167, '3573015288310220', 'e10adc3949ba59abbe56e057f20f883e', 'Ridwan Pane', 'TNI', 'Rini Wahyudi', 'Arsitek', '081232779898', 'Jl. Galunggung No. 50, Malang'),
(168, '3573018629010416', 'e10adc3949ba59abbe56e057f20f883e', 'Prasetyo Kusuma', 'Karyawan Swasta', 'Khadijah Nasution', 'Nelayan', '081459139364', 'Jl. Sukarno Hatta No. 44, Malang'),
(169, '3573012201263623', 'e10adc3949ba59abbe56e057f20f883e', 'Teguh Gunawan', 'Buruh', 'Aura Wijaya', 'Karyawan Swasta', '081329096999', 'Jl. Sukarno Hatta No. 87, Malang'),
(170, '3573014524324269', 'e10adc3949ba59abbe56e057f20f883e', 'Surya Sutrisno', 'PNS', 'Nabila Saputra', 'Buruh', '081524967811', 'Jl. Blimbing No. 71, Malang'),
(171, '3573018831194061', 'e10adc3949ba59abbe56e057f20f883e', 'Dani Santoso', 'Pedagang', 'Linda Budiman', 'PNS', '081236406665', 'Jl. Ijen No. 79, Malang'),
(172, '3573017573022490', 'e10adc3949ba59abbe56e057f20f883e', 'Dedi Pohan', 'Wiraswasta', 'Salma Kusuma', 'Supir', '081373535468', 'Jl. Sawojajar No. 40, Malang'),
(173, '3573019706122438', 'e10adc3949ba59abbe56e057f20f883e', 'Hadi Ginting', 'Pilot', 'Lutfia Setiawan', 'Arsitek', '081615522246', 'Jl. Borobudur No. 25, Malang'),
(174, '3573018471270711', 'e10adc3949ba59abbe56e057f20f883e', 'Zulkifli Setiawan', 'Polri', 'Fatmawati Susanto', 'PNS', '081976397375', 'Jl. Arjosari No. 85, Malang'),
(175, '3573018953702541', 'e10adc3949ba59abbe56e057f20f883e', 'Prasetyo Raharjo', 'Nelayan', 'Linda Nasution', 'Satpam', '081673609905', 'Jl. Ijen No. 15, Malang'),
(176, '3573019570834267', 'e10adc3949ba59abbe56e057f20f883e', 'Husain Firmansyah', 'Petani', 'Widya Ginting', 'PNS', '081235388034', 'Jl. Semeru No. 92, Malang'),
(177, '3573016381164127', 'e10adc3949ba59abbe56e057f20f883e', 'Fajar Permana', 'Perawat', 'Aisyah Hidayat', 'Arsitek', '081358780250', 'Jl. Semeru No. 25, Malang'),
(178, '3573014413274401', 'e10adc3949ba59abbe56e057f20f883e', 'Prasetyo Sitorus', 'Pilot', 'Sari Pohan', 'Perawat', '081633540542', 'Jl. Sulfat No. 31, Malang'),
(179, '3573016469783141', 'e10adc3949ba59abbe56e057f20f883e', 'Ridwan Permana', 'Buruh', 'Siti Sutrisno', 'Pilot', '081350429796', 'Jl. Sawojajar No. 63, Malang'),
(180, '3573019306599884', 'e10adc3949ba59abbe56e057f20f883e', 'Ahmad Pratama', 'PNS', 'Maya Purnomo', 'Dokter', '081628524610', 'Jl. Veteran No. 11, Malang'),
(181, '3573016127386212', 'e10adc3949ba59abbe56e057f20f883e', 'Bambang Sutrisno', 'Guru', 'Sari Wijaya', 'Arsitek', '081448067899', 'Jl. Semeru No. 19, Malang'),
(182, '3573011987406316', 'e10adc3949ba59abbe56e057f20f883e', 'Bayu Permana', 'Buruh', 'Lutfia Permana', 'Dosen', '081405477083', 'Jl. Galunggung No. 62, Malang'),
(183, '3573011193630919', 'e10adc3949ba59abbe56e057f20f883e', 'Bambang Nugroho', 'Polri', 'Keysha Sitorus', 'Arsitek', '081714591546', 'Jl. Blimbing No. 84, Malang'),
(184, '3573011174548622', 'e10adc3949ba59abbe56e057f20f883e', 'Rizky Gunawan', 'Buruh', 'Maryam Pratama', 'Supir', '081349082877', 'Jl. Borobudur No. 38, Malang'),
(185, '3573019520800688', 'e10adc3949ba59abbe56e057f20f883e', 'Bambang Wibowo', 'Pedagang', 'Rini Ramadhan', 'Buruh', '081664039842', 'Jl. Ijen No. 79, Malang'),
(186, '3573016692586302', 'e10adc3949ba59abbe56e057f20f883e', 'Taufik Wijaya', 'Guru', 'Mega Lubis', 'TNI', '081805901736', 'Jl. Oro-oro Dowo No. 33, Malang'),
(187, '3573018397612062', 'e10adc3949ba59abbe56e057f20f883e', 'Dani Raharjo', 'Nelayan', 'Lestari Santoso', 'Dosen', '081852969133', 'Jl. Blimbing No. 22, Malang'),
(188, '3573014173249397', 'e10adc3949ba59abbe56e057f20f883e', 'Dedi Susanto', 'Perawat', 'Widya Permana', 'Dosen', '081950474797', 'Jl. Galunggung No. 55, Malang'),
(189, '3573012870768781', 'e10adc3949ba59abbe56e057f20f883e', 'Fauzan Budiman', 'Karyawan Swasta', 'Ratna Wibowo', 'Perawat', '081332988576', 'Jl. Kawi No. 84, Malang'),
(190, '3573019150633152', 'e10adc3949ba59abbe56e057f20f883e', 'Rian Susanto', 'Guru', 'Rini Saputra', 'Wiraswasta', '081617552018', 'Jl. Sulfat No. 36, Malang'),
(191, '3573016897399088', 'e10adc3949ba59abbe56e057f20f883e', 'Surya Sitorus', 'Polri', 'Dewi Sitorus', 'TNI', '081764516787', 'Jl. Veteran No. 74, Malang'),
(192, '3573015836635869', 'e10adc3949ba59abbe56e057f20f883e', 'Bambang Susanto', 'Supir', 'Aisyah Pane', 'Arsitek', '081687929986', 'Jl. Arjosari No. 100, Malang'),
(193, '3573011473860587', 'e10adc3949ba59abbe56e057f20f883e', 'Slamet Susanto', 'Polri', 'Lutfia Ramadhan', 'Pilot', '081179207507', 'Jl. Semeru No. 1, Malang'),
(194, '3573019461414110', 'e10adc3949ba59abbe56e057f20f883e', 'Zulkifli Wijaya', 'Polri', 'Sri Purnomo', 'Pilot', '081479743305', 'Jl. Langsep No. 67, Malang'),
(195, '3573012427791769', 'e10adc3949ba59abbe56e057f20f883e', 'Yahya Sitorus', 'Supir', 'Yuliana Gunawan', 'Pedagang', '081757475666', 'Jl. Semeru No. 83, Malang'),
(196, '3573014639661254', 'e10adc3949ba59abbe56e057f20f883e', 'Bayu Nasution', 'Wiraswasta', 'Khadijah Gunawan', 'Arsitek', '081141808050', 'Jl. Ijen No. 3, Malang'),
(197, '3573019400314952', 'e10adc3949ba59abbe56e057f20f883e', 'Ahmad Hidayatullah', 'Buruh', 'Salma Sutrisno', 'Karyawan Swasta', '081645288611', 'Jl. Arjosari No. 42, Malang'),
(198, '3573015809887067', 'e10adc3949ba59abbe56e057f20f883e', 'Hendra Wahyudi', 'Guru', 'Yuliana Sutrisno', 'Karyawan Swasta', '081541315426', 'Jl. Kawi No. 42, Malang'),
(199, '3573019109559792', 'e10adc3949ba59abbe56e057f20f883e', 'Bambang Setiawan', 'Buruh', 'Indah Ramadhan', 'Dosen', '081178261903', 'Jl. Sulfat No. 12, Malang'),
(200, '3573019488164238', 'e10adc3949ba59abbe56e057f20f883e', 'Zaki Budiman', 'Wiraswasta', 'Aura Purnomo', 'Satpam', '081481449833', 'Jl. Semeru No. 91, Malang'),
(201, '3573013017697027', 'e10adc3949ba59abbe56e057f20f883e', 'Rudi Firmansyah', 'Pilot', 'Siti Permana', 'Supir', '081377889198', 'Jl. Sulfat No. 95, Malang'),
(202, '3573015781140007', 'e10adc3949ba59abbe56e057f20f883e', 'Rudi Wijaya', 'Arsitek', 'Sari Ginting', 'Pedagang', '081623418035', 'Jl. Ijen No. 17, Malang'),
(203, '3573019334090297', 'e10adc3949ba59abbe56e057f20f883e', 'Ali Lubis', 'Supir', 'Nabila Saputra', 'TNI', '081427912342', 'Jl. Veteran No. 12, Malang'),
(204, '3573018845014672', 'e10adc3949ba59abbe56e057f20f883e', 'Yahya Santoso', 'Guru', 'Yuliana Wijaya', 'Polri', '081702335388', 'Jl. Borobudur No. 31, Malang'),
(205, '3573012804628570', 'e10adc3949ba59abbe56e057f20f883e', 'Ali Sitorus', 'Satpam', 'Indah Hidayat', 'Dosen', '081910040567', 'Jl. Oro-oro Dowo No. 41, Malang'),
(206, '3573011337977182', 'e10adc3949ba59abbe56e057f20f883e', 'Taufik Santoso', 'Perawat', 'Mega Nugroho', 'Petani', '081293249363', 'Jl. Langsep No. 21, Malang'),
(207, '3573014810325319', 'e10adc3949ba59abbe56e057f20f883e', 'Sutrisno Ginting', 'PNS', 'Rini Raharjo', 'Polri', '081843276644', 'Jl. Sukarno Hatta No. 5, Malang'),
(208, '3573013964179023', 'e10adc3949ba59abbe56e057f20f883e', 'Umar Kusuma', 'TNI', 'Khadijah Pratama', 'Pilot', '081458527741', 'Jl. Borobudur No. 53, Malang'),
(209, '3573013963792428', 'e10adc3949ba59abbe56e057f20f883e', 'Ali Susanto', 'Nelayan', 'Safira Pane', 'TNI', '081701975330', 'Jl. Langsep No. 63, Malang'),
(210, '3573013637823946', 'e10adc3949ba59abbe56e057f20f883e', 'Dedi Wahyudi', 'Karyawan Swasta', 'Maryam Nasution', 'TNI', '081364015223', 'Jl. Sukarno Hatta No. 32, Malang'),
(211, '3573016913010494', 'e10adc3949ba59abbe56e057f20f883e', 'Aris Sutrisno', 'TNI', 'Maryam Budiman', 'Wiraswasta', '081353883253', 'Jl. Semeru No. 33, Malang'),
(212, '3573015676048736', 'e10adc3949ba59abbe56e057f20f883e', 'Husain Pohan', 'Wiraswasta', 'Amalia Hidayat', 'Pedagang', '081238347015', 'Jl. Dinoyo No. 50, Malang'),
(213, '3573019112614528', 'e10adc3949ba59abbe56e057f20f883e', 'Hasan Hidayat', 'PNS', 'Lutfia Pohan', 'Perawat', '081394630557', 'Jl. Ijen No. 71, Malang'),
(214, '3573015460076153', 'e10adc3949ba59abbe56e057f20f883e', 'Sutrisno Ginting', 'Pilot', 'Dian Budiman', 'Karyawan Swasta', '081993259572', 'Jl. Ijen No. 28, Malang'),
(215, '3573016171387171', 'e10adc3949ba59abbe56e057f20f883e', 'Aditya Permana', 'TNI', 'Indah Kusuma', 'PNS', '081185108742', 'Jl. Borobudur No. 45, Malang'),
(216, '3573016655997594', 'e10adc3949ba59abbe56e057f20f883e', 'Ridwan Saputra', 'Perawat', 'Fatmawati Budiman', 'Satpam', '081320467336', 'Jl. Sawojajar No. 8, Malang'),
(217, '3573012306069622', 'e10adc3949ba59abbe56e057f20f883e', 'Teguh Raharjo', 'Supir', 'Linda Siregar', 'Buruh', '081789756465', 'Jl. Oro-oro Dowo No. 74, Malang'),
(218, '3573013080172717', 'e10adc3949ba59abbe56e057f20f883e', 'Andi Saputra', 'Perawat', 'Lestari Purnomo', 'Buruh', '081910472332', 'Jl. Galunggung No. 85, Malang'),
(219, '3573013749511282', 'e10adc3949ba59abbe56e057f20f883e', 'Wahyu Hidayatullah', 'Satpam', 'Eka Nugroho', 'Perawat', '081377409529', 'Jl. Semeru No. 62, Malang'),
(220, '3573017604016085', 'e10adc3949ba59abbe56e057f20f883e', 'Agus Budiman', 'Petani', 'Dian Saputra', 'Dosen', '081904045120', 'Jl. Veteran No. 83, Malang'),
(221, '3573013433544056', 'e10adc3949ba59abbe56e057f20f883e', 'Rudi Setiawan', 'Polri', 'Fitri Permana', 'Nelayan', '081809184190', 'Jl. Arjosari No. 97, Malang'),
(222, '3573016071446269', 'e10adc3949ba59abbe56e057f20f883e', 'Teguh Gunawan', 'Nelayan', 'Safira Setiawan', 'Pedagang', '081451405748', 'Jl. Veteran No. 14, Malang'),
(223, '3573017424036169', 'e10adc3949ba59abbe56e057f20f883e', 'Bayu Purnomo', 'PNS', 'Tri Setiawan', 'Pedagang', '081999045545', 'Jl. Dinoyo No. 77, Malang'),
(224, '3573012167438453', 'e10adc3949ba59abbe56e057f20f883e', 'Andi Siregar', 'Buruh', 'Yuliana Kusuma', 'Arsitek', '081595062034', 'Jl. Sawojajar No. 98, Malang'),
(225, '3573018350125974', 'e10adc3949ba59abbe56e057f20f883e', 'Guntur Sitorus', 'TNI', 'Hana Saputra', 'Perawat', '081998004035', 'Jl. Kawi No. 41, Malang'),
(226, '3573014849532329', 'e10adc3949ba59abbe56e057f20f883e', 'Ali Pohan', 'Nelayan', 'Ani Siregar', 'TNI', '081707698636', 'Jl. Kawi No. 88, Malang'),
(227, '3573018877269462', 'e10adc3949ba59abbe56e057f20f883e', 'Yanto Sutrisno', 'PNS', 'Aisyah Setiawan', 'Dosen', '081788555177', 'Jl. Dinoyo No. 38, Malang'),
(228, '3573013070047486', 'e10adc3949ba59abbe56e057f20f883e', 'Surya Pratama', 'Perawat', 'Rina Siregar', 'Polri', '081556447727', 'Jl. Oro-oro Dowo No. 52, Malang'),
(229, '3573012331162715', 'e10adc3949ba59abbe56e057f20f883e', 'Aris Permana', 'Dokter', 'Dian Wahyudi', 'Buruh', '081800128377', 'Jl. Dinoyo No. 34, Malang'),
(230, '3573011805835709', 'e10adc3949ba59abbe56e057f20f883e', 'Rudi Saputra', 'PNS', 'Fatmawati Pane', 'TNI', '081881523094', 'Jl. Kawi No. 82, Malang'),
(231, '3573012227943050', 'e10adc3949ba59abbe56e057f20f883e', 'Andi Sitorus', 'Dokter', 'Siska Permana', 'Petani', '081791363902', 'Jl. Arjosari No. 27, Malang'),
(232, '3573015313638281', 'e10adc3949ba59abbe56e057f20f883e', 'Bayu Purnomo', 'Arsitek', 'Dian Wahyudi', 'Dokter', '081166808852', 'Jl. Blimbing No. 45, Malang'),
(233, '3573013317965767', 'e10adc3949ba59abbe56e057f20f883e', 'Taufik Siregar', 'PNS', 'Safira Ramadhan', 'Supir', '081213923997', 'Jl. Sawojajar No. 7, Malang'),
(234, '3573011055334068', 'e10adc3949ba59abbe56e057f20f883e', 'Hasan Permana', 'Pilot', 'Indah Hidayatullah', 'Dosen', '081688067657', 'Jl. Veteran No. 20, Malang'),
(235, '3573014205024228', 'e10adc3949ba59abbe56e057f20f883e', 'Hendra Pohan', 'Petani', 'Dian Setiawan', 'Pedagang', '081626984808', 'Jl. Galunggung No. 28, Malang'),
(236, '3573011729972236', 'e10adc3949ba59abbe56e057f20f883e', 'Prasetyo Pane', 'Guru', 'Ratna Nugroho', 'Petani', '081674380548', 'Jl. Sukarno Hatta No. 42, Malang'),
(237, '3573012528891770', 'e10adc3949ba59abbe56e057f20f883e', 'Andi Setiawan', 'Dokter', 'Keysha Hidayatullah', 'Guru', '081797450258', 'Jl. Dinoyo No. 48, Malang'),
(238, '3573016136957921', 'e10adc3949ba59abbe56e057f20f883e', 'Prasetyo Permana', 'Satpam', 'Safira Lubis', 'Satpam', '081483825724', 'Jl. Langsep No. 61, Malang'),
(239, '3573012985388550', 'e10adc3949ba59abbe56e057f20f883e', 'Prasetyo Gunawan', 'Dokter', 'Linda Budiman', 'TNI', '081566784718', 'Jl. Kawi No. 53, Malang'),
(240, '3573016060970319', 'e10adc3949ba59abbe56e057f20f883e', 'Aris Hidayat', 'TNI', 'Eka Pane', 'PNS', '081565234511', 'Jl. Borobudur No. 14, Malang'),
(241, '3573019374911581', 'e10adc3949ba59abbe56e057f20f883e', 'Dimas Nugroho', 'Dokter', 'Putri Nasution', 'Dosen', '081432711655', 'Jl. Ijen No. 100, Malang'),
(242, '3573012771448180', 'e10adc3949ba59abbe56e057f20f883e', 'Dani Siregar', 'Dokter', 'Ani Ginting', 'Petani', '081382425856', 'Jl. Sulfat No. 18, Malang'),
(243, '3573018061552269', 'e10adc3949ba59abbe56e057f20f883e', 'Syarif Saputra', 'TNI', 'Nur Ginting', 'Polri', '081459111660', 'Jl. Semeru No. 37, Malang'),
(244, '3573013382372747', 'e10adc3949ba59abbe56e057f20f883e', 'Sutrisno Siregar', 'Wiraswasta', 'Widya Gunawan', 'Wiraswasta', '081714151674', 'Jl. Sawojajar No. 64, Malang'),
(245, '3573017933808550', 'e10adc3949ba59abbe56e057f20f883e', 'Joko Sutrisno', 'Arsitek', 'Rina Sutrisno', 'Perawat', '081464589826', 'Jl. Kawi No. 41, Malang'),
(246, '3573014762850270', 'e10adc3949ba59abbe56e057f20f883e', 'Rudi Ramadhan', 'Buruh', 'Aisyah Permana', 'Pedagang', '081725903210', 'Jl. Oro-oro Dowo No. 79, Malang'),
(247, '3573017287147852', 'e10adc3949ba59abbe56e057f20f883e', 'Taufik Gunawan', 'Wiraswasta', 'Lutfia Wahyudi', 'Supir', '081572729337', 'Jl. Oro-oro Dowo No. 41, Malang'),
(248, '3573011626037828', 'e10adc3949ba59abbe56e057f20f883e', 'Iwan Purnomo', 'Buruh', 'Ani Santoso', 'Satpam', '081300329879', 'Jl. Blimbing No. 64, Malang'),
(249, '3573015900411008', 'e10adc3949ba59abbe56e057f20f883e', 'Zulkifli Ramadhan', 'Buruh', 'Fitri Budiman', 'Dosen', '081187464910', 'Jl. Blimbing No. 98, Malang'),
(250, '3573011157520794', 'e10adc3949ba59abbe56e057f20f883e', 'Indra Pohan', 'Supir', 'Mega Purnomo', 'Buruh', '081513015897', 'Jl. Sawojajar No. 34, Malang'),
(251, '3573015349631585', 'e10adc3949ba59abbe56e057f20f883e', 'Wawan Budiman', 'Supir', 'Utami Gunawan', 'PNS', '081921501364', 'Jl. Blimbing No. 88, Malang'),
(252, '3573016775497209', 'e10adc3949ba59abbe56e057f20f883e', 'Slamet Saputra', 'Pilot', 'Aura Kusuma', 'Nelayan', '081200932153', 'Jl. Sawojajar No. 21, Malang'),
(253, '3573015138061249', 'e10adc3949ba59abbe56e057f20f883e', 'Aris Ginting', 'Pedagang', 'Safira Pratama', 'Guru', '081732756349', 'Jl. Blimbing No. 71, Malang'),
(254, '3573015604258987', 'e10adc3949ba59abbe56e057f20f883e', 'Teguh Siregar', 'Dokter', 'Linda Nasution', 'PNS', '081997804339', 'Jl. Ijen No. 100, Malang'),
(255, '3573013558765293', 'e10adc3949ba59abbe56e057f20f883e', 'Hasan Wahyudi', 'Arsitek', 'Utami Budiman', 'Supir', '081225894403', 'Jl. Sukarno Hatta No. 21, Malang'),
(256, '3573018089953349', 'e10adc3949ba59abbe56e057f20f883e', 'Bambang Sitorus', 'Wiraswasta', 'Ratna Santoso', 'Polri', '081376870135', 'Jl. Blimbing No. 15, Malang'),
(257, '3573011195403026', 'e10adc3949ba59abbe56e057f20f883e', 'Budi Raharjo', 'Buruh', 'Dewi Setiawan', 'Satpam', '081798348247', 'Jl. Oro-oro Dowo No. 29, Malang'),
(258, '3573014578675222', 'e10adc3949ba59abbe56e057f20f883e', 'Ali Permana', 'TNI', 'Utami Firmansyah', 'Dokter', '081856588160', 'Jl. Semeru No. 45, Malang'),
(259, '3573016620590083', 'e10adc3949ba59abbe56e057f20f883e', 'Aditya Wibowo', 'Arsitek', 'Khadijah Ginting', 'Guru', '081260483569', 'Jl. Arjosari No. 11, Malang'),
(260, '3573014404615676', 'e10adc3949ba59abbe56e057f20f883e', 'Andi Siregar', 'Petani', 'Fitri Santoso', 'Petani', '081988749443', 'Jl. Langsep No. 7, Malang'),
(261, '3573018042993421', 'e10adc3949ba59abbe56e057f20f883e', 'Zulkifli Wijaya', 'Petani', 'Khadijah Wibowo', 'Dosen', '081928810353', 'Jl. Sulfat No. 15, Malang'),
(262, '3573016932454672', 'e10adc3949ba59abbe56e057f20f883e', 'Syarif Permana', 'Guru', 'Ani Hidayatullah', 'TNI', '081858411113', 'Jl. Blimbing No. 67, Malang'),
(263, '3573016468504752', 'e10adc3949ba59abbe56e057f20f883e', 'Ahmad Pohan', 'Pilot', 'Maryam Lubis', 'PNS', '081905736356', 'Jl. Langsep No. 100, Malang'),
(264, '3573012085060647', 'e10adc3949ba59abbe56e057f20f883e', 'Aris Nugroho', 'Dosen', 'Nur Permana', 'Karyawan Swasta', '081229215623', 'Jl. Veteran No. 68, Malang'),
(265, '3573018465596091', 'e10adc3949ba59abbe56e057f20f883e', 'Dedi Sitorus', 'Karyawan Swasta', 'Salma Hidayatullah', 'Nelayan', '081132127786', 'Jl. Dinoyo No. 94, Malang'),
(266, '3573011745142072', 'e10adc3949ba59abbe56e057f20f883e', 'Aris Santoso', 'Satpam', 'Ani Hidayatullah', 'Pedagang', '081680729710', 'Jl. Langsep No. 53, Malang'),
(267, '3573013828143544', 'e10adc3949ba59abbe56e057f20f883e', 'Guntur Saputra', 'Perawat', 'Siska Raharjo', 'Dosen', '081498174162', 'Jl. Sulfat No. 98, Malang'),
(268, '3573015665944046', 'e10adc3949ba59abbe56e057f20f883e', 'Aditya Nasution', 'Dosen', 'Amalia Saputra', 'Petani', '081251432876', 'Jl. Veteran No. 1, Malang'),
(269, '3573017966708419', 'e10adc3949ba59abbe56e057f20f883e', 'Hasan Nugroho', 'Dokter', 'Widya Siregar', 'Polri', '081414288291', 'Jl. Semeru No. 86, Malang'),
(270, '3573019435798496', 'e10adc3949ba59abbe56e057f20f883e', 'Slamet Saputra', 'Pedagang', 'Tri Siregar', 'Karyawan Swasta', '081900342005', 'Jl. Langsep No. 99, Malang'),
(271, '3573018404437850', 'e10adc3949ba59abbe56e057f20f883e', 'Andi Budiman', 'Nelayan', 'Fatmawati Budiman', 'Guru', '081864055995', 'Jl. Semeru No. 72, Malang'),
(272, '3573012385449918', 'e10adc3949ba59abbe56e057f20f883e', 'Surya Budiman', 'TNI', 'Putri Wahyudi', 'Petani', '081723331180', 'Jl. Blimbing No. 22, Malang'),
(273, '3573018805531156', 'e10adc3949ba59abbe56e057f20f883e', 'Zaki Wijaya', 'TNI', 'Sari Saputra', 'Dokter', '081638015770', 'Jl. Kawi No. 64, Malang'),
(274, '3573013414924730', 'e10adc3949ba59abbe56e057f20f883e', 'Wahyu Susanto', 'Pedagang', 'Lutfia Pratama', 'Arsitek', '081508243699', 'Jl. Borobudur No. 92, Malang'),
(275, '3573017296647989', 'e10adc3949ba59abbe56e057f20f883e', 'Aris Ramadhan', 'Pilot', 'Sari Wibowo', 'Nelayan', '081452940834', 'Jl. Oro-oro Dowo No. 51, Malang'),
(276, '3573013793827088', 'e10adc3949ba59abbe56e057f20f883e', 'Ali Nasution', 'Polri', 'Nabila Santoso', 'Pilot', '081660894195', 'Jl. Dinoyo No. 44, Malang'),
(277, '3573015549940781', 'e10adc3949ba59abbe56e057f20f883e', 'Syarif Sitorus', 'PNS', 'Fatmawati Wibowo', 'Buruh', '081255411712', 'Jl. Arjosari No. 31, Malang'),
(278, '3573019474806754', 'e10adc3949ba59abbe56e057f20f883e', 'Ahmad Kusuma', 'Arsitek', 'Rina Permana', 'Pilot', '081569922281', 'Jl. Borobudur No. 70, Malang'),
(279, '3573011693608380', 'e10adc3949ba59abbe56e057f20f883e', 'Hendra Wahyudi', 'Pedagang', 'Fitri Ramadhan', 'Guru', '081322700520', 'Jl. Sulfat No. 9, Malang'),
(280, '3573014442308846', 'e10adc3949ba59abbe56e057f20f883e', 'Joko Pratama', 'Pilot', 'Ani Firmansyah', 'Dokter', '081446449236', 'Jl. Sukarno Hatta No. 58, Malang'),
(281, '3573015586737608', 'e10adc3949ba59abbe56e057f20f883e', 'Syarif Pohan', 'Guru', 'Indah Firmansyah', 'Wiraswasta', '081629638111', 'Jl. Galunggung No. 68, Malang'),
(282, '3573017046354342', 'e10adc3949ba59abbe56e057f20f883e', 'Fauzan Sitorus', 'Dokter', 'Rina Hidayat', 'PNS', '081753262184', 'Jl. Veteran No. 100, Malang'),
(283, '3573016717358151', 'e10adc3949ba59abbe56e057f20f883e', 'Bambang Hidayat', 'PNS', 'Dewi Budiman', 'Guru', '081736145808', 'Jl. Borobudur No. 22, Malang'),
(284, '3573015264955792', 'e10adc3949ba59abbe56e057f20f883e', 'Ahmad Purnomo', 'Perawat', 'Khadijah Raharjo', 'Pilot', '081511360081', 'Jl. Galunggung No. 36, Malang'),
(285, '3573019020375943', 'e10adc3949ba59abbe56e057f20f883e', 'Umar Hidayat', 'Pedagang', 'Mega Purnomo', 'Dokter', '081384708434', 'Jl. Galunggung No. 27, Malang'),
(286, '3573011850065299', 'e10adc3949ba59abbe56e057f20f883e', 'Umar Kusuma', 'Guru', 'Hana Susanto', 'Polri', '081334053122', 'Jl. Veteran No. 52, Malang'),
(287, '3573014919576776', 'e10adc3949ba59abbe56e057f20f883e', 'Zaki Permana', 'Petani', 'Nur Santoso', 'Petani', '081226940104', 'Jl. Kawi No. 53, Malang'),
(288, '3573018630074882', 'e10adc3949ba59abbe56e057f20f883e', 'Dedi Pratama', 'Buruh', 'Yuliana Santoso', 'TNI', '081334324361', 'Jl. Blimbing No. 73, Malang'),
(289, '3573011915093682', 'e10adc3949ba59abbe56e057f20f883e', 'Teguh Wibowo', 'Pedagang', 'Widya Firmansyah', 'Nelayan', '081345072790', 'Jl. Oro-oro Dowo No. 21, Malang'),
(290, '3573015061022310', 'e10adc3949ba59abbe56e057f20f883e', 'Hendra Santoso', 'Dokter', 'Yuliana Sutrisno', 'Karyawan Swasta', '081358466324', 'Jl. Arjosari No. 82, Malang'),
(291, '3573019062458557', 'e10adc3949ba59abbe56e057f20f883e', 'Hamzah Hidayat', 'Petani', 'Nabila Wibowo', 'Satpam', '081929463245', 'Jl. Sukarno Hatta No. 30, Malang'),
(292, '3573013854738814', 'e10adc3949ba59abbe56e057f20f883e', 'Wahyu Sutrisno', 'Guru', 'Dian Purnomo', 'TNI', '081241244805', 'Jl. Semeru No. 100, Malang'),
(293, '3573016701009736', 'e10adc3949ba59abbe56e057f20f883e', 'Budi Susanto', 'Arsitek', 'Ani Susanto', 'Dosen', '081712778697', 'Jl. Borobudur No. 46, Malang'),
(294, '3573015585817034', 'e10adc3949ba59abbe56e057f20f883e', 'Yanto Siregar', 'Buruh', 'Utami Wibowo', 'Guru', '081121940046', 'Jl. Galunggung No. 81, Malang'),
(295, '3573017243993170', 'e10adc3949ba59abbe56e057f20f883e', 'Fauzan Sitorus', 'Dosen', 'Khadijah Pohan', 'Supir', '081549468546', 'Jl. Oro-oro Dowo No. 93, Malang'),
(296, '3573012154633360', 'e10adc3949ba59abbe56e057f20f883e', 'Husain Nasution', 'Supir', 'Zahra Wibowo', 'Karyawan Swasta', '081542356799', 'Jl. Sukarno Hatta No. 54, Malang'),
(297, '3573017743795779', 'e10adc3949ba59abbe56e057f20f883e', 'Bayu Sutrisno', 'Supir', 'Wati Ginting', 'Pilot', '081729062821', 'Jl. Veteran No. 62, Malang'),
(298, '3573014564844961', 'e10adc3949ba59abbe56e057f20f883e', 'Indra Lubis', 'TNI', 'Utami Budiman', 'Nelayan', '081126582262', 'Jl. Kawi No. 81, Malang'),
(299, '3573014821491818', 'e10adc3949ba59abbe56e057f20f883e', 'Eko Purnomo', 'PNS', 'Kartika Setiawan', 'Wiraswasta', '081767232616', 'Jl. Kawi No. 7, Malang'),
(300, '3573012936535627', 'e10adc3949ba59abbe56e057f20f883e', 'Eko Wahyudi', 'Satpam', 'Yuliana Budiman', 'Dosen', '081107385016', 'Jl. Veteran No. 42, Malang'),
(301, '3573017767622901', 'e10adc3949ba59abbe56e057f20f883e', 'Dedi Gunawan', 'Perawat', 'Hana Nugroho', 'Dokter', '081777613574', 'Jl. Sawojajar No. 70, Malang'),
(302, '3573016820233373', 'e10adc3949ba59abbe56e057f20f883e', 'Ridwan Ramadhan', 'Pilot', 'Lestari Kusuma', 'Perawat', '081676295121', 'Jl. Oro-oro Dowo No. 12, Malang'),
(303, '3573018579373557', 'e10adc3949ba59abbe56e057f20f883e', 'Prasetyo Nugroho', 'Arsitek', 'Khadijah Siregar', 'TNI', '081305117566', 'Jl. Galunggung No. 96, Malang'),
(304, '3573014977367514', 'e10adc3949ba59abbe56e057f20f883e', 'Yahya Hidayat', 'Karyawan Swasta', 'Kartika Siregar', 'Polri', '081473675207', 'Jl. Sawojajar No. 36, Malang'),
(305, '3573017074954371', 'e10adc3949ba59abbe56e057f20f883e', 'Eko Hidayatullah', 'Pilot', 'Mega Firmansyah', 'Supir', '081166224979', 'Jl. Langsep No. 43, Malang'),
(306, '3573011111879504', 'e10adc3949ba59abbe56e057f20f883e', 'Fajar Purnomo', 'PNS', 'Lutfia Sutrisno', 'Petani', '081746038291', 'Jl. Sulfat No. 29, Malang'),
(307, '3573014420471823', 'e10adc3949ba59abbe56e057f20f883e', 'Dedi Siregar', 'Nelayan', 'Sari Pane', 'Supir', '081127796136', 'Jl. Kawi No. 60, Malang'),
(308, '3573016521594707', 'e10adc3949ba59abbe56e057f20f883e', 'Yanto Ramadhan', 'Buruh', 'Rini Sitorus', 'Wiraswasta', '081151224847', 'Jl. Kawi No. 65, Malang'),
(309, '3573014140651250', 'e10adc3949ba59abbe56e057f20f883e', 'Joko Gunawan', 'Buruh', 'Hana Susanto', 'Satpam', '081798796901', 'Jl. Ijen No. 65, Malang'),
(310, '3573012730212063', 'e10adc3949ba59abbe56e057f20f883e', 'Taufik Setiawan', 'Karyawan Swasta', 'Sri Purnomo', 'Guru', '081696985913', 'Jl. Blimbing No. 72, Malang'),
(311, '3573012953878293', 'e10adc3949ba59abbe56e057f20f883e', 'Dedi Saputra', 'Wiraswasta', 'Ani Raharjo', 'PNS', '081213243231', 'Jl. Arjosari No. 54, Malang'),
(312, '3573011300116243', 'e10adc3949ba59abbe56e057f20f883e', 'Fauzan Hidayatullah', 'Wiraswasta', 'Hana Pane', 'Arsitek', '081131610411', 'Jl. Borobudur No. 79, Malang'),
(313, '3573014510824801', 'e10adc3949ba59abbe56e057f20f883e', 'Dimas Wahyudi', 'Pedagang', 'Safira Sutrisno', 'Dokter', '081754704784', 'Jl. Sawojajar No. 63, Malang'),
(314, '3573014497715887', 'e10adc3949ba59abbe56e057f20f883e', 'Syarif Firmansyah', 'PNS', 'Khadijah Sutrisno', 'Arsitek', '081659246225', 'Jl. Langsep No. 63, Malang'),
(315, '3573018228911611', 'e10adc3949ba59abbe56e057f20f883e', 'Agus Raharjo', 'Karyawan Swasta', 'Linda Wijaya', 'Pilot', '081906514035', 'Jl. Oro-oro Dowo No. 28, Malang'),
(316, '3573016838006434', 'e10adc3949ba59abbe56e057f20f883e', 'Dani Wibowo', 'Nelayan', 'Aura Ramadhan', 'Supir', '081684368243', 'Jl. Ijen No. 34, Malang'),
(317, '3573015461497736', 'e10adc3949ba59abbe56e057f20f883e', 'Rudi Wibowo', 'Pedagang', 'Aura Hidayatullah', 'Supir', '081809389076', 'Jl. Sawojajar No. 9, Malang'),
(318, '3573018707369826', 'e10adc3949ba59abbe56e057f20f883e', 'Agus Pratama', 'PNS', 'Dian Santoso', 'Supir', '081879961008', 'Jl. Sawojajar No. 14, Malang'),
(319, '3573017965527729', 'e10adc3949ba59abbe56e057f20f883e', 'Hasan Susanto', 'Buruh', 'Aisyah Wijaya', 'Dosen', '081772407179', 'Jl. Arjosari No. 9, Malang'),
(320, '3573017509822358', 'e10adc3949ba59abbe56e057f20f883e', 'Guntur Raharjo', 'PNS', 'Eka Hidayat', 'Buruh', '081394580363', 'Jl. Semeru No. 14, Malang'),
(321, '3573017250474431', 'e10adc3949ba59abbe56e057f20f883e', 'Hendra Nasution', 'Wiraswasta', 'Mega Gunawan', 'Karyawan Swasta', '081238858387', 'Jl. Sulfat No. 30, Malang'),
(322, '3573018557472827', 'e10adc3949ba59abbe56e057f20f883e', 'Ahmad Nasution', 'TNI', 'Dian Nasution', 'TNI', '081428273578', 'Jl. Sawojajar No. 42, Malang'),
(323, '3573016374933094', 'e10adc3949ba59abbe56e057f20f883e', 'Fajar Sitorus', 'Pedagang', 'Sari Susanto', 'Dosen', '081195188895', 'Jl. Arjosari No. 62, Malang'),
(324, '3573013083778544', 'e10adc3949ba59abbe56e057f20f883e', 'Aris Wibowo', 'Supir', 'Widya Wibowo', 'Perawat', '081153531682', 'Jl. Oro-oro Dowo No. 50, Malang'),
(325, '3573011074648244', 'e10adc3949ba59abbe56e057f20f883e', 'Prasetyo Setiawan', 'Petani', 'Nabila Wibowo', 'Supir', '081748931626', 'Jl. Veteran No. 26, Malang'),
(326, '3573018486211271', 'e10adc3949ba59abbe56e057f20f883e', 'Rian Pohan', 'Perawat', 'Mega Kusuma', 'Petani', '081214213068', 'Jl. Dinoyo No. 82, Malang'),
(327, '3573011505754090', 'e10adc3949ba59abbe56e057f20f883e', 'Sutrisno Pane', 'Satpam', 'Maya Wijaya', 'Buruh', '081837875679', 'Jl. Veteran No. 83, Malang'),
(328, '3573019257956899', 'e10adc3949ba59abbe56e057f20f883e', 'Lukman Setiawan', 'Dosen', 'Dian Ginting', 'TNI', '081698401104', 'Jl. Kawi No. 35, Malang'),
(329, '3573018332722468', 'e10adc3949ba59abbe56e057f20f883e', 'Hasan Pohan', 'Buruh', 'Wati Saputra', 'Perawat', '081196083899', 'Jl. Semeru No. 15, Malang'),
(330, '3573019917268036', 'e10adc3949ba59abbe56e057f20f883e', 'Hamzah Pratama', 'Buruh', 'Fatmawati Pohan', 'Buruh', '081122621531', 'Jl. Veteran No. 43, Malang'),
(331, '3573019878883361', 'e10adc3949ba59abbe56e057f20f883e', 'Hasan Hidayatullah', 'Karyawan Swasta', 'Ani Sitorus', 'Satpam', '081210121666', 'Jl. Sawojajar No. 4, Malang'),
(332, '3573016462820996', 'e10adc3949ba59abbe56e057f20f883e', 'Surya Nasution', 'Pedagang', 'Aisyah Pane', 'Petani', '081430685223', 'Jl. Dinoyo No. 52, Malang'),
(333, '3573019785082366', 'e10adc3949ba59abbe56e057f20f883e', 'Zulkifli Susanto', 'Dokter', 'Maya Hidayatullah', 'Supir', '081422786447', 'Jl. Langsep No. 96, Malang'),
(334, '3573017938279779', 'e10adc3949ba59abbe56e057f20f883e', 'Ali Firmansyah', 'Pedagang', 'Nabila Ramadhan', 'Nelayan', '081993402965', 'Jl. Blimbing No. 94, Malang'),
(335, '3573015334135040', 'e10adc3949ba59abbe56e057f20f883e', 'Taufik Sutrisno', 'Buruh', 'Dewi Ramadhan', 'Guru', '081130438034', 'Jl. Arjosari No. 45, Malang'),
(336, '3573016541876060', 'e10adc3949ba59abbe56e057f20f883e', 'Budi Siregar', 'Karyawan Swasta', 'Indah Saputra', 'Petani', '081971938463', 'Jl. Oro-oro Dowo No. 21, Malang'),
(337, '3573014387910667', 'e10adc3949ba59abbe56e057f20f883e', 'Zaki Raharjo', 'Supir', 'Ani Susanto', 'Arsitek', '081465844189', 'Jl. Semeru No. 93, Malang'),
(338, '3573011174831871', 'e10adc3949ba59abbe56e057f20f883e', 'Wahyu Kusuma', 'Polri', 'Aisyah Nugroho', 'Petani', '081586618785', 'Jl. Borobudur No. 11, Malang'),
(339, '3573011432990922', 'e10adc3949ba59abbe56e057f20f883e', 'Indra Hidayat', 'Supir', 'Yuliana Wibowo', 'TNI', '081725314341', 'Jl. Veteran No. 80, Malang'),
(340, '3573012854952441', 'e10adc3949ba59abbe56e057f20f883e', 'Rian Raharjo', 'Supir', 'Siti Sitorus', 'Wiraswasta', '081856683700', 'Jl. Borobudur No. 1, Malang'),
(341, '3573019868523514', 'e10adc3949ba59abbe56e057f20f883e', 'Yahya Pohan', 'Guru', 'Maryam Kusuma', 'TNI', '081199473862', 'Jl. Kawi No. 47, Malang'),
(342, '3573017068020058', 'e10adc3949ba59abbe56e057f20f883e', 'Aditya Ginting', 'Buruh', 'Sri Hidayat', 'Supir', '081282695042', 'Jl. Galunggung No. 19, Malang'),
(343, '3573019690373209', 'e10adc3949ba59abbe56e057f20f883e', 'Eko Gunawan', 'Satpam', 'Mega Raharjo', 'Arsitek', '081111421285', 'Jl. Langsep No. 33, Malang'),
(344, '3573014117029484', 'e10adc3949ba59abbe56e057f20f883e', 'Wahyu Saputra', 'Buruh', 'Aisyah Wibowo', 'Wiraswasta', '081601721688', 'Jl. Veteran No. 79, Malang'),
(345, '3573012760461402', 'e10adc3949ba59abbe56e057f20f883e', 'Dani Kusuma', 'Satpam', 'Aisyah Sitorus', 'TNI', '081145222291', 'Jl. Arjosari No. 13, Malang'),
(346, '3573013153546131', 'e10adc3949ba59abbe56e057f20f883e', 'Rizky Siregar', 'Satpam', 'Fitri Susanto', 'Supir', '081189805598', 'Jl. Oro-oro Dowo No. 57, Malang'),
(347, '3573019261288008', 'e10adc3949ba59abbe56e057f20f883e', 'Agus Saputra', 'Nelayan', 'Siti Nasution', 'PNS', '081513916284', 'Jl. Semeru No. 31, Malang'),
(348, '3573012621873374', 'e10adc3949ba59abbe56e057f20f883e', 'Hamzah Susanto', 'Petani', 'Safira Permana', 'Dosen', '081478498657', 'Jl. Dinoyo No. 55, Malang'),
(349, '3573017959274314', 'e10adc3949ba59abbe56e057f20f883e', 'Budi Budiman', 'TNI', 'Mega Raharjo', 'Petani', '081651059856', 'Jl. Arjosari No. 11, Malang'),
(350, '3573013844598083', 'e10adc3949ba59abbe56e057f20f883e', 'Fajar Kusuma', 'Pedagang', 'Fitri Wijaya', 'Dokter', '081975270610', 'Jl. Veteran No. 82, Malang');

-- FASE: tb_siswa
INSERT INTO tb_siswa (no_induk, nama_siswa, jenis_kelamin, kota, tanggal_lahir, alamat, nama_ayah, pekerjaan_ayah, nama_ibu, pekerjaan_ibu, no_hp_ortu, id_ortu, status_aktif) VALUES
('00812345001', 'Tri Sitorus', 'P', 'Malang', '2013-05-03', 'Jl. Sulfat No. 49, Malang', 'Wahyu Gunawan', 'Petani', 'Widya Sitorus', 'Buruh', '081536953732', 130, 'Lulus'),
('00812345002', 'Sari Pane', 'P', 'Malang', '2011-03-06', 'Jl. Arjosari No. 27, Malang', 'Andi Sitorus', 'Dokter', 'Siska Permana', 'Petani', '081791363902', 231, 'Lulus'),
('00812345003', 'Joko Ramadhan', 'L', 'Malang', '2013-08-10', 'Jl. Oro-oro Dowo No. 79, Malang', 'Rudi Ramadhan', 'Buruh', 'Aisyah Permana', 'Pedagang', '081725903210', 246, 'Lulus'),
('00812345004', 'Sri Ginting', 'P', 'Malang', '2012-09-17', 'Jl. Dinoyo No. 89, Malang', 'Iwan Saputra', 'Satpam', 'Ani Raharjo', 'Arsitek', '081695919635', 110, 'Lulus'),
('00812345005', 'Guntur Nasution', 'L', 'Malang', '2013-05-14', 'Jl. Sukarno Hatta No. 32, Malang', 'Dedi Wahyudi', 'Karyawan Swasta', 'Maryam Nasution', 'TNI', '081364015223', 210, 'Lulus'),
('00812345006', 'Yanto Ginting', 'L', 'Malang', '2013-06-25', 'Jl. Borobudur No. 11, Malang', 'Wahyu Kusuma', 'Polri', 'Aisyah Nugroho', 'Petani', '081586618785', 338, 'Lulus'),
('00812345007', 'Ratna Ramadhan', 'P', 'Malang', '2011-12-08', 'Jl. Sulfat No. 36, Malang', 'Rian Susanto', 'Guru', 'Rini Saputra', 'Wiraswasta', '081617552018', 190, 'Lulus'),
('00812345008', 'Siti Kusuma', 'P', 'Malang', '2013-06-20', 'Jl. Semeru No. 45, Malang', 'Ali Permana', 'TNI', 'Utami Firmansyah', 'Dokter', '081856588160', 258, 'Lulus'),
('00812345009', 'Nur Nugroho', 'P', 'Malang', '2013-11-26', 'Jl. Veteran No. 41, Malang', 'Rizky Pohan', 'PNS', 'Siti Wahyudi', 'Pilot', '081966201339', 132, 'Lulus'),
('00812345010', 'Maryam Santoso', 'P', 'Malang', '2013-06-10', 'Jl. Langsep No. 96, Malang', 'Zulkifli Susanto', 'Dokter', 'Maya Hidayatullah', 'Supir', '081422786447', 333, 'Lulus'),
('00812345011', 'Aditya Wibowo', 'L', 'Malang', '2013-05-27', 'Jl. Oro-oro Dowo No. 51, Malang', 'Eko Nugroho', 'Buruh', 'Rina Ginting', 'Arsitek', '081332252978', 128, 'Lulus'),
('00812345012', 'Bambang Purnomo', 'L', 'Malang', '2011-09-23', 'Jl. Langsep No. 43, Malang', 'Eko Hidayatullah', 'Pilot', 'Mega Firmansyah', 'Supir', '081166224979', 305, 'Lulus'),
('00812345013', 'Teguh Wibowo', 'L', 'Malang', '2012-09-22', 'Jl. Blimbing No. 98, Malang', 'Zulkifli Ramadhan', 'Buruh', 'Fitri Budiman', 'Dosen', '081187464910', 249, 'Lulus'),
('00812345014', 'Putri Gunawan', 'P', 'Malang', '2013-01-22', 'Jl. Dinoyo No. 77, Malang', 'Bayu Purnomo', 'PNS', 'Tri Setiawan', 'Pedagang', '081999045545', 223, 'Lulus'),
('00812345015', 'Prasetyo Wahyudi', 'L', 'Malang', '2014-10-23', 'Jl. Veteran No. 26, Malang', 'Prasetyo Setiawan', 'Petani', 'Nabila Wibowo', 'Supir', '081748931626', 325, 'Lulus'),
('00812345016', 'Sari Sutrisno', 'P', 'Malang', '2011-03-14', 'Jl. Galunggung No. 73, Malang', 'Prasetyo Raharjo', 'TNI', 'Siska Sutrisno', 'Karyawan Swasta', '081938351048', 156, 'Lulus'),
('00812345017', 'Siska Saputra', 'P', 'Malang', '2011-09-20', 'Jl. Borobudur No. 45, Malang', 'Aditya Permana', 'TNI', 'Indah Kusuma', 'PNS', '081185108742', 215, 'Lulus'),
('00812345018', 'Eko Wibowo', 'L', 'Malang', '2012-06-11', 'Jl. Arjosari No. 62, Malang', 'Fajar Sitorus', 'Pedagang', 'Sari Susanto', 'Dosen', '081195188895', 323, 'Lulus'),
('00812345019', 'Siska Susanto', 'P', 'Malang', '2011-06-20', 'Jl. Langsep No. 43, Malang', 'Eko Hidayatullah', 'Pilot', 'Mega Firmansyah', 'Supir', '081166224979', 305, 'Lulus'),
('00812345020', 'Joko Nasution', 'L', 'Malang', '2012-05-19', 'Jl. Veteran No. 14, Malang', 'Teguh Gunawan', 'Nelayan', 'Safira Setiawan', 'Pedagang', '081451405748', 222, 'Lulus'),
('00812345021', 'Lukman Pohan', 'L', 'Malang', '2011-05-17', 'Jl. Arjosari No. 9, Malang', 'Hasan Susanto', 'Buruh', 'Aisyah Wijaya', 'Dosen', '081772407179', 319, 'Lulus'),
('00812345022', 'Indra Gunawan', 'L', 'Malang', '2010-11-24', 'Jl. Arjosari No. 11, Malang', 'Aditya Wibowo', 'Arsitek', 'Khadijah Ginting', 'Guru', '081260483569', 259, 'Lulus'),
('00812345023', 'Widya Wahyudi', 'P', 'Malang', '2012-10-14', 'Jl. Galunggung No. 55, Malang', 'Dedi Susanto', 'Perawat', 'Widya Permana', 'Dosen', '081950474797', 188, 'Lulus'),
('00812345024', 'Keysha Ramadhan', 'P', 'Malang', '2012-01-14', 'Jl. Semeru No. 92, Malang', 'Husain Firmansyah', 'Petani', 'Widya Ginting', 'PNS', '081235388034', 176, 'Lulus'),
('00812345025', 'Iwan Ramadhan', 'L', 'Malang', '2013-01-21', 'Jl. Veteran No. 82, Malang', 'Fajar Kusuma', 'Pedagang', 'Fitri Wijaya', 'Dokter', '081975270610', 350, 'Lulus'),
('00812345026', 'Sutrisno Hidayatullah', 'L', 'Malang', '2013-06-18', 'Jl. Oro-oro Dowo No. 51, Malang', 'Eko Nugroho', 'Buruh', 'Rina Ginting', 'Arsitek', '081332252978', 128, 'Lulus'),
('00812345027', 'Husain Firmansyah', 'L', 'Malang', '2010-01-10', 'Jl. Semeru No. 37, Malang', 'Syarif Saputra', 'TNI', 'Nur Ginting', 'Polri', '081459111660', 243, 'Lulus'),
('00812345028', 'Ali Hidayat', 'L', 'Malang', '2010-04-10', 'Jl. Sawojajar No. 9, Malang', 'Rudi Wibowo', 'Pedagang', 'Aura Hidayatullah', 'Supir', '081809389076', 317, 'Lulus'),
('00812345029', 'Rina Budiman', 'P', 'Malang', '2012-02-14', 'Jl. Blimbing No. 72, Malang', 'Taufik Setiawan', 'Karyawan Swasta', 'Sri Purnomo', 'Guru', '081696985913', 310, 'Lulus'),
('00812345030', 'Hasan Sutrisno', 'L', 'Malang', '2012-11-24', 'Jl. Sukarno Hatta No. 87, Malang', 'Rizky Wibowo', 'Supir', 'Indah Sutrisno', 'Satpam', '081566477560', 105, 'Lulus'),
('00812345031', 'Teguh Setiawan', 'L', 'Malang', '2014-08-10', 'Jl. Arjosari No. 39, Malang', 'Eko Setiawan', 'Satpam', 'Linda Pane', 'Polri', '081885712005', 133, 'Lulus'),
('00812345032', 'Budi Kusuma', 'L', 'Malang', '2012-06-12', 'Jl. Sawojajar No. 9, Malang', 'Rudi Wibowo', 'Pedagang', 'Aura Hidayatullah', 'Supir', '081809389076', 317, 'Lulus'),
('00812345033', 'Aura Ginting', 'P', 'Malang', '2011-06-17', 'Jl. Sukarno Hatta No. 93, Malang', 'Ali Siregar', 'Pilot', 'Siska Wahyudi', 'Arsitek', '081882806435', 143, 'Lulus'),
('00812345034', 'Sutrisno Budiman', 'L', 'Malang', '2014-04-28', 'Jl. Borobudur No. 79, Malang', 'Fauzan Hidayatullah', 'Wiraswasta', 'Hana Pane', 'Arsitek', '081131610411', 312, 'Lulus'),
('00812345035', 'Maryam Sitorus', 'P', 'Malang', '2014-07-04', 'Jl. Langsep No. 99, Malang', 'Slamet Saputra', 'Pedagang', 'Tri Siregar', 'Karyawan Swasta', '081900342005', 270, 'Lulus'),
('00812345036', 'Eka Wahyudi', 'P', 'Malang', '2013-09-24', 'Jl. Ijen No. 100, Malang', 'Teguh Siregar', 'Dokter', 'Linda Nasution', 'PNS', '081997804339', 254, 'Lulus'),
('00812345037', 'Fajar Ginting', 'L', 'Malang', '2013-12-27', 'Jl. Oro-oro Dowo No. 41, Malang', 'Ali Sitorus', 'Satpam', 'Indah Hidayat', 'Dosen', '081910040567', 205, 'Lulus'),
('00812345038', 'Lukman Permana', 'L', 'Malang', '2013-07-23', 'Jl. Oro-oro Dowo No. 12, Malang', 'Ridwan Ramadhan', 'Pilot', 'Lestari Kusuma', 'Perawat', '081676295121', 302, 'Lulus'),
('00812345039', 'Agus Santoso', 'L', 'Malang', '2013-05-14', 'Jl. Dinoyo No. 94, Malang', 'Wahyu Ginting', 'Petani', 'Khadijah Susanto', 'Wiraswasta', '081631980588', 139, 'Keluar'),
('00812345040', 'Ali Raharjo', 'L', 'Malang', '2011-03-05', 'Jl. Langsep No. 63, Malang', 'Syarif Firmansyah', 'PNS', 'Khadijah Sutrisno', 'Arsitek', '081659246225', 314, 'Lulus'),
('00812345041', 'Kartika Pratama', 'P', 'Malang', '2013-10-25', 'Jl. Galunggung No. 28, Malang', 'Hendra Pohan', 'Petani', 'Dian Setiawan', 'Pedagang', '081626984808', 235, 'Lulus'),
('00812345042', 'Indra Pratama', 'L', 'Malang', '2013-05-13', 'Jl. Sawojajar No. 38, Malang', 'Prasetyo Susanto', 'Arsitek', 'Maya Susanto', 'Karyawan Swasta', '081818010503', 134, 'Lulus'),
('00812345043', 'Amalia Nasution', 'P', 'Malang', '2011-09-11', 'Jl. Sawojajar No. 39, Malang', 'Bambang Wibowo', 'Guru', 'Rini Gunawan', 'Pilot', '081650522921', 103, 'Lulus'),
('00812345044', 'Ani Sitorus', 'P', 'Malang', '2012-03-28', 'Jl. Semeru No. 83, Malang', 'Ridwan Budiman', 'Nelayan', 'Maryam Nugroho', 'Petani', '081221197109', 155, 'Lulus'),
('00812345045', 'Aisyah Nasution', 'P', 'Malang', '2013-12-13', 'Jl. Ijen No. 3, Malang', 'Bayu Nasution', 'Wiraswasta', 'Khadijah Gunawan', 'Arsitek', '081141808050', 196, 'Lulus'),
('00812345046', 'Eko Santoso', 'L', 'Malang', '2013-12-08', 'Jl. Dinoyo No. 90, Malang', 'Lukman Setiawan', 'Satpam', 'Sri Firmansyah', 'Pilot', '081317942552', 136, 'Lulus'),
('00812345047', 'Fatmawati Sutrisno', 'P', 'Malang', '2014-06-23', 'Jl. Oro-oro Dowo No. 87, Malang', 'Prasetyo Kusuma', 'TNI', 'Kartika Hidayat', 'Wiraswasta', '081653960201', 141, 'Lulus'),
('00812345048', 'Lutfia Ramadhan', 'P', 'Malang', '2013-01-26', 'Jl. Borobudur No. 92, Malang', 'Wahyu Susanto', 'Pedagang', 'Lutfia Pratama', 'Arsitek', '081508243699', 274, 'Lulus'),
('00812345049', 'Keysha Firmansyah', 'P', 'Malang', '2013-09-10', 'Jl. Kawi No. 53, Malang', 'Prasetyo Gunawan', 'Dokter', 'Linda Budiman', 'TNI', '081566784718', 239, 'Lulus'),
('00812345050', 'Hamzah Sutrisno', 'L', 'Malang', '2011-10-17', 'Jl. Semeru No. 33, Malang', 'Aris Sutrisno', 'TNI', 'Maryam Budiman', 'Wiraswasta', '081353883253', 211, 'Lulus'),
('00812345051', 'Mega Firmansyah', 'P', 'Malang', '2011-05-12', 'Jl. Borobudur No. 38, Malang', 'Rizky Gunawan', 'Buruh', 'Maryam Pratama', 'Supir', '081349082877', 184, 'Lulus'),
('00812345052', 'Sari Purnomo', 'P', 'Malang', '2012-01-20', 'Jl. Semeru No. 62, Malang', 'Wahyu Hidayatullah', 'Satpam', 'Eka Nugroho', 'Perawat', '081377409529', 219, 'Lulus'),
('00812345053', 'Bayu Purnomo', 'L', 'Malang', '2010-08-26', 'Jl. Sukarno Hatta No. 32, Malang', 'Dedi Wahyudi', 'Karyawan Swasta', 'Maryam Nasution', 'TNI', '081364015223', 210, 'Lulus'),
('00812345054', 'Prasetyo Santoso', 'L', 'Malang', '2011-04-24', 'Jl. Sawojajar No. 63, Malang', 'Ridwan Permana', 'Buruh', 'Siti Sutrisno', 'Pilot', '081350429796', 179, 'Lulus'),
('00812345055', 'Khadijah Hidayat', 'P', 'Malang', '2012-09-22', 'Jl. Veteran No. 79, Malang', 'Wahyu Saputra', 'Buruh', 'Aisyah Wibowo', 'Wiraswasta', '081601721688', 344, 'Lulus'),
('00812345056', 'Hasan Hidayat', 'L', 'Malang', '2014-06-26', 'Jl. Arjosari No. 82, Malang', 'Hendra Santoso', 'Dokter', 'Yuliana Sutrisno', 'Karyawan Swasta', '081358466324', 290, 'Lulus'),
('00812345057', 'Khadijah Permana', 'P', 'Malang', '2011-12-15', 'Jl. Dinoyo No. 55, Malang', 'Hamzah Susanto', 'Petani', 'Safira Permana', 'Dosen', '081478498657', 348, 'Lulus'),
('00812345058', 'Wawan Wahyudi', 'L', 'Malang', '2010-04-26', 'Jl. Sulfat No. 49, Malang', 'Wahyu Gunawan', 'Petani', 'Widya Sitorus', 'Buruh', '081536953732', 130, 'Lulus'),
('00812345059', 'Nabila Sutrisno', 'P', 'Malang', '2011-10-04', 'Jl. Sulfat No. 86, Malang', 'Fajar Hidayat', 'Polri', 'Siska Permana', 'Guru', '081894965481', 114, 'Lulus'),
('00812345060', 'Dani Siregar', 'L', 'Malang', '2011-01-10', 'Jl. Dinoyo No. 50, Malang', 'Husain Pohan', 'Wiraswasta', 'Amalia Hidayat', 'Pedagang', '081238347015', 212, 'Lulus'),
('00812345061', 'Aisyah Wijaya', 'P', 'Malang', '2013-05-12', 'Jl. Blimbing No. 64, Malang', 'Iwan Purnomo', 'Buruh', 'Ani Santoso', 'Satpam', '081300329879', 248, 'Lulus'),
('00812345062', 'Ani Nugroho', 'P', 'Malang', '2010-11-07', 'Jl. Sukarno Hatta No. 87, Malang', 'Teguh Gunawan', 'Buruh', 'Aura Wijaya', 'Karyawan Swasta', '081329096999', 169, 'Lulus'),
('00812345063', 'Ahmad Nugroho', 'L', 'Malang', '2010-07-26', 'Jl. Kawi No. 7, Malang', 'Eko Purnomo', 'PNS', 'Kartika Setiawan', 'Wiraswasta', '081767232616', 299, 'Lulus'),
('00812345064', 'Bayu Susanto', 'L', 'Malang', '2010-06-11', 'Jl. Ijen No. 100, Malang', 'Dimas Nugroho', 'Dokter', 'Putri Nasution', 'Dosen', '081432711655', 241, 'Lulus'),
('00812345065', 'Surya Susanto', 'L', 'Malang', '2013-12-13', 'Jl. Langsep No. 63, Malang', 'Syarif Firmansyah', 'PNS', 'Khadijah Sutrisno', 'Arsitek', '081659246225', 314, 'Lulus'),
('00812345066', 'Kartika Kusuma', 'P', 'Malang', '2014-11-09', 'Jl. Galunggung No. 68, Malang', 'Syarif Pohan', 'Guru', 'Indah Firmansyah', 'Wiraswasta', '081629638111', 281, 'Lulus'),
('00812345067', 'Bambang Setiawan', 'L', 'Malang', '2013-02-12', 'Jl. Blimbing No. 71, Malang', 'Aris Ginting', 'Pedagang', 'Safira Pratama', 'Guru', '081732756349', 253, 'Lulus'),
('00812345068', 'Indra Susanto', 'L', 'Malang', '2010-01-04', 'Jl. Dinoyo No. 86, Malang', 'Ali Saputra', 'Pilot', 'Siska Lubis', 'Pedagang', '081756745292', 135, 'Lulus'),
('00812345069', 'Sutrisno Raharjo', 'L', 'Malang', '2014-01-06', 'Jl. Veteran No. 52, Malang', 'Umar Kusuma', 'Guru', 'Hana Susanto', 'Polri', '081334053122', 286, 'Lulus'),
('00812345070', 'Bayu Pohan', 'L', 'Malang', '2011-12-08', 'Jl. Veteran No. 100, Malang', 'Fauzan Sitorus', 'Dokter', 'Rina Hidayat', 'PNS', '081753262184', 282, 'Lulus'),
('00812345071', 'Siti Siregar', 'P', 'Malang', '2011-08-20', 'Jl. Sukarno Hatta No. 42, Malang', 'Prasetyo Pane', 'Guru', 'Ratna Nugroho', 'Petani', '081674380548', 236, 'Lulus'),
('00812345072', 'Keysha Saputra', 'P', 'Malang', '2014-08-28', 'Jl. Semeru No. 86, Malang', 'Hasan Nugroho', 'Dokter', 'Widya Siregar', 'Polri', '081414288291', 269, 'Lulus'),
('00812345073', 'Indah Firmansyah', 'P', 'Malang', '2010-12-06', 'Jl. Arjosari No. 45, Malang', 'Taufik Sutrisno', 'Buruh', 'Dewi Ramadhan', 'Guru', '081130438034', 335, 'Lulus'),
('00812345074', 'Zulkifli Hidayat', 'L', 'Malang', '2013-02-20', 'Jl. Ijen No. 79, Malang', 'Dani Santoso', 'Pedagang', 'Linda Budiman', 'PNS', '081236406665', 171, 'Lulus'),
('00812345075', 'Hadi Saputra', 'L', 'Malang', '2010-10-10', 'Jl. Blimbing No. 71, Malang', 'Aris Ginting', 'Pedagang', 'Safira Pratama', 'Guru', '081732756349', 253, 'Lulus'),
('00812345076', 'Dedi Hidayat', 'L', 'Malang', '2012-01-18', 'Jl. Sukarno Hatta No. 5, Malang', 'Sutrisno Ginting', 'PNS', 'Rini Raharjo', 'Polri', '081843276644', 207, 'Lulus'),
('00812345077', 'Sari Saputra', 'P', 'Malang', '2011-11-15', 'Jl. Kawi No. 64, Malang', 'Zaki Wijaya', 'TNI', 'Sari Saputra', 'Dokter', '081638015770', 273, 'Lulus'),
('00812345078', 'Rini Pohan', 'P', 'Malang', '2011-01-17', 'Jl. Langsep No. 7, Malang', 'Andi Siregar', 'Petani', 'Fitri Santoso', 'Petani', '081988749443', 260, 'Lulus'),
('00812345079', 'Amalia Hidayat', 'P', 'Malang', '2012-08-06', 'Jl. Ijen No. 68, Malang', 'Dedi Wijaya', 'Karyawan Swasta', 'Rina Santoso', 'TNI', '081656462974', 129, 'Lulus'),
('00812345080', 'Ridwan Kusuma', 'L', 'Malang', '2014-11-11', 'Jl. Sukarno Hatta No. 32, Malang', 'Dedi Wahyudi', 'Karyawan Swasta', 'Maryam Nasution', 'TNI', '081364015223', 210, 'Lulus'),
('00812345081', 'Sari Pohan', 'P', 'Malang', '2012-03-18', 'Jl. Sawojajar No. 42, Malang', 'Ahmad Nasution', 'TNI', 'Dian Nasution', 'TNI', '081428273578', 322, 'Lulus'),
('00812345082', 'Agus Hidayat', 'L', 'Malang', '2013-04-10', 'Jl. Borobudur No. 79, Malang', 'Fauzan Hidayatullah', 'Wiraswasta', 'Hana Pane', 'Arsitek', '081131610411', 312, 'Lulus'),
('00812345083', 'Dewi Siregar', 'P', 'Malang', '2012-04-18', 'Jl. Sulfat No. 15, Malang', 'Zulkifli Wijaya', 'Petani', 'Khadijah Wibowo', 'Dosen', '081928810353', 261, 'Lulus'),
('00812345084', 'Rina Hidayatullah', 'P', 'Malang', '2013-03-08', 'Jl. Arjosari No. 27, Malang', 'Andi Sitorus', 'Dokter', 'Siska Permana', 'Petani', '081791363902', 231, 'Lulus'),
('00812345085', 'Aris Ginting', 'L', 'Malang', '2014-02-27', 'Jl. Semeru No. 45, Malang', 'Ali Permana', 'TNI', 'Utami Firmansyah', 'Dokter', '081856588160', 258, 'Lulus'),
('00812345086', 'Fatmawati Nasution', 'P', 'Malang', '2010-09-21', 'Jl. Langsep No. 21, Malang', 'Taufik Santoso', 'Perawat', 'Mega Nugroho', 'Petani', '081293249363', 206, 'Lulus'),
('00812345087', 'Joko Ramadhan', 'L', 'Malang', '2013-07-06', 'Jl. Semeru No. 83, Malang', 'Yahya Sitorus', 'Supir', 'Yuliana Gunawan', 'Pedagang', '081757475666', 195, 'Lulus'),
('00812345088', 'Andi Permana', 'L', 'Malang', '2012-07-20', 'Jl. Borobudur No. 1, Malang', 'Rian Raharjo', 'Supir', 'Siti Sitorus', 'Wiraswasta', '081856683700', 340, 'Lulus'),
('00812345089', 'Mega Raharjo', 'P', 'Malang', '2010-12-02', 'Jl. Ijen No. 76, Malang', 'Andi Nasution', 'Supir', 'Safira Wijaya', 'Arsitek', '081430490691', 145, 'Lulus'),
('00812345090', 'Fatmawati Pratama', 'P', 'Malang', '2011-03-01', 'Jl. Galunggung No. 81, Malang', 'Yanto Siregar', 'Buruh', 'Utami Wibowo', 'Guru', '081121940046', 294, 'Lulus'),
('00812345091', 'Aura Purnomo', 'P', 'Malang', '2014-01-18', 'Jl. Dinoyo No. 55, Malang', 'Hamzah Susanto', 'Petani', 'Safira Permana', 'Dosen', '081478498657', 348, 'Lulus'),
('00812345092', 'Hana Saputra', 'P', 'Malang', '2010-01-27', 'Jl. Veteran No. 3, Malang', 'Prasetyo Santoso', 'Arsitek', 'Maryam Hidayatullah', 'Petani', '081947914873', 142, 'Lulus'),
('00812345093', 'Lutfia Pane', 'P', 'Malang', '2010-06-27', 'Jl. Arjosari No. 11, Malang', 'Budi Budiman', 'TNI', 'Mega Raharjo', 'Petani', '081651059856', 349, 'Lulus'),
('00812345094', 'Sari Hidayatullah', 'P', 'Malang', '2011-12-15', 'Jl. Dinoyo No. 38, Malang', 'Yanto Sutrisno', 'PNS', 'Aisyah Setiawan', 'Dosen', '081788555177', 227, 'Lulus'),
('00812345095', 'Keysha Hidayatullah', 'P', 'Malang', '2013-08-12', 'Jl. Galunggung No. 85, Malang', 'Andi Saputra', 'Perawat', 'Lestari Purnomo', 'Buruh', '081910472332', 218, 'Lulus'),
('00812345096', 'Joko Wijaya', 'L', 'Malang', '2011-11-15', 'Jl. Oro-oro Dowo No. 93, Malang', 'Fauzan Sitorus', 'Dosen', 'Khadijah Pohan', 'Supir', '081549468546', 295, 'Lulus'),
('00812345097', 'Siska Wijaya', 'P', 'Malang', '2010-12-23', 'Jl. Semeru No. 100, Malang', 'Wahyu Sutrisno', 'Guru', 'Dian Purnomo', 'TNI', '081241244805', 292, 'Lulus'),
('00812345098', 'Indra Hidayat', 'L', 'Malang', '2014-10-24', 'Jl. Borobudur No. 79, Malang', 'Fauzan Hidayatullah', 'Wiraswasta', 'Hana Pane', 'Arsitek', '081131610411', 312, 'Lulus'),
('00812345099', 'Dewi Kusuma', 'P', 'Malang', '2010-06-03', 'Jl. Arjosari No. 31, Malang', 'Syarif Sitorus', 'PNS', 'Fatmawati Wibowo', 'Buruh', '081255411712', 277, 'Lulus'),
('00812345100', 'Bambang Hidayatullah', 'L', 'Malang', '2010-05-21', 'Jl. Sawojajar No. 7, Malang', 'Taufik Siregar', 'PNS', 'Safira Ramadhan', 'Supir', '081213923997', 233, 'Lulus'),
('00812345101', 'Safira Santoso', 'P', 'Malang', '2013-07-16', 'Jl. Kawi No. 81, Malang', 'Indra Lubis', 'TNI', 'Utami Budiman', 'Nelayan', '081126582262', 298, 'Lulus'),
('00812345102', 'Dewi Firmansyah', 'P', 'Malang', '2010-03-20', 'Jl. Veteran No. 12, Malang', 'Ali Lubis', 'Supir', 'Nabila Saputra', 'TNI', '081427912342', 203, 'Lulus'),
('00812345103', 'Fajar Pohan', 'L', 'Malang', '2011-12-12', 'Jl. Blimbing No. 15, Malang', 'Bambang Sitorus', 'Wiraswasta', 'Ratna Santoso', 'Polri', '081376870135', 256, 'Lulus'),
('00812345104', 'Siti Ginting', 'P', 'Malang', '2013-12-09', 'Jl. Oro-oro Dowo No. 87, Malang', 'Prasetyo Kusuma', 'TNI', 'Kartika Hidayat', 'Wiraswasta', '081653960201', 141, 'Lulus'),
('00812345105', 'Ali Setiawan', 'L', 'Malang', '2011-11-02', 'Jl. Veteran No. 79, Malang', 'Wahyu Setiawan', 'Wiraswasta', 'Fitri Pane', 'Supir', '081963091797', 104, 'Lulus'),
('00812345106', 'Slamet Ginting', 'L', 'Malang', '2013-09-07', 'Jl. Kawi No. 57, Malang', 'Zulkifli Permana', 'Pilot', 'Putri Sutrisno', 'Pedagang', '081155998202', 158, 'Lulus'),
('00812345107', 'Slamet Sitorus', 'L', 'Malang', '2014-12-01', 'Jl. Borobudur No. 22, Malang', 'Bambang Hidayat', 'PNS', 'Dewi Budiman', 'Guru', '081736145808', 283, 'Lulus'),
('00812345108', 'Hadi Wahyudi', 'L', 'Malang', '2012-07-14', 'Jl. Dinoyo No. 34, Malang', 'Aris Permana', 'Dokter', 'Dian Wahyudi', 'Buruh', '081800128377', 229, 'Lulus'),
('00812345109', 'Zaki Firmansyah', 'L', 'Malang', '2010-01-09', 'Jl. Sawojajar No. 63, Malang', 'Dimas Wahyudi', 'Pedagang', 'Safira Sutrisno', 'Dokter', '081754704784', 313, 'Lulus'),
('00812345110', 'Khadijah Ramadhan', 'P', 'Malang', '2010-09-14', 'Jl. Semeru No. 33, Malang', 'Aris Sutrisno', 'TNI', 'Maryam Budiman', 'Wiraswasta', '081353883253', 211, 'Lulus'),
('00812345111', 'Dewi Ramadhan', 'P', 'Malang', '2013-01-19', 'Jl. Semeru No. 62, Malang', 'Wahyu Hidayatullah', 'Satpam', 'Eka Nugroho', 'Perawat', '081377409529', 219, 'Aktif'),
('00812345112', 'Zahra Ginting', 'P', 'Malang', '2010-07-04', 'Jl. Veteran No. 79, Malang', 'Wahyu Saputra', 'Buruh', 'Aisyah Wibowo', 'Wiraswasta', '081601721688', 344, 'Aktif'),
('00812345113', 'Rizky Siregar', 'L', 'Malang', '2014-07-15', 'Jl. Ijen No. 79, Malang', 'Bambang Wibowo', 'Pedagang', 'Rini Ramadhan', 'Buruh', '081664039842', 185, 'Dikeluarkan'),
('00812345114', 'Surya Pratama', 'L', 'Malang', '2010-09-01', 'Jl. Arjosari No. 13, Malang', 'Dani Kusuma', 'Satpam', 'Aisyah Sitorus', 'TNI', '081145222291', 345, 'Aktif'),
('00812345115', 'Yanto Siregar', 'L', 'Malang', '2010-10-27', 'Jl. Borobudur No. 45, Malang', 'Aditya Permana', 'TNI', 'Indah Kusuma', 'PNS', '081185108742', 215, 'Aktif'),
('00812345116', 'Ali Siregar', 'L', 'Malang', '2014-11-16', 'Jl. Dinoyo No. 62, Malang', 'Slamet Ginting', 'PNS', 'Hana Pohan', 'Satpam', '081198952450', 122, 'Aktif'),
('00812345117', 'Khadijah Firmansyah', 'P', 'Malang', '2011-12-05', 'Jl. Langsep No. 43, Malang', 'Eko Hidayatullah', 'Pilot', 'Mega Firmansyah', 'Supir', '081166224979', 305, 'Aktif'),
('00812345118', 'Lukman Nugroho', 'L', 'Malang', '2012-09-23', 'Jl. Sukarno Hatta No. 30, Malang', 'Hamzah Hidayat', 'Petani', 'Nabila Wibowo', 'Satpam', '081929463245', 291, 'Aktif'),
('00812345119', 'Guntur Sitorus', 'L', 'Malang', '2010-04-15', 'Jl. Dinoyo No. 48, Malang', 'Andi Setiawan', 'Dokter', 'Keysha Hidayatullah', 'Guru', '081797450258', 237, 'Aktif'),
('00812345120', 'Bayu Siregar', 'L', 'Malang', '2012-11-05', 'Jl. Semeru No. 1, Malang', 'Slamet Susanto', 'Polri', 'Lutfia Ramadhan', 'Pilot', '081179207507', 193, 'Aktif'),
('00812345121', 'Maya Hidayatullah', 'P', 'Malang', '2010-07-21', 'Jl. Sukarno Hatta No. 58, Malang', 'Joko Pratama', 'Pilot', 'Ani Firmansyah', 'Dokter', '081446449236', 280, 'Aktif'),
('00812345122', 'Eka Pohan', 'P', 'Malang', '2011-01-24', 'Jl. Ijen No. 100, Malang', 'Dimas Nugroho', 'Dokter', 'Putri Nasution', 'Dosen', '081432711655', 241, 'Aktif'),
('00812345123', 'Putri Lubis', 'P', 'Malang', '2011-07-05', 'Jl. Semeru No. 19, Malang', 'Bambang Sutrisno', 'Guru', 'Sari Wijaya', 'Arsitek', '081448067899', 181, 'Aktif'),
('00812345124', 'Teguh Ginting', 'L', 'Malang', '2010-04-01', 'Jl. Galunggung No. 55, Malang', 'Dedi Susanto', 'Perawat', 'Widya Permana', 'Dosen', '081950474797', 188, 'Aktif'),
('00812345125', 'Sri Susanto', 'P', 'Malang', '2012-11-17', 'Jl. Arjosari No. 11, Malang', 'Aditya Wibowo', 'Arsitek', 'Khadijah Ginting', 'Guru', '081260483569', 259, 'Aktif'),
('00812345126', 'Sari Wibowo', 'P', 'Malang', '2012-01-14', 'Jl. Dinoyo No. 47, Malang', 'Zulkifli Nasution', 'Pilot', 'Eka Lubis', 'Petani', '081336150990', 116, 'Aktif'),
('00812345127', 'Siti Pane', 'P', 'Malang', '2011-12-04', 'Jl. Veteran No. 1, Malang', 'Aditya Nasution', 'Dosen', 'Amalia Saputra', 'Petani', '081251432876', 268, 'Aktif'),
('00812345128', 'Safira Raharjo', 'P', 'Malang', '2011-08-05', 'Jl. Ijen No. 5, Malang', 'Joko Permana', 'Petani', 'Zahra Wahyudi', 'Nelayan', '081194304471', 146, 'Aktif'),
('00812345129', 'Aris Setiawan', 'L', 'Malang', '2011-08-09', 'Jl. Sawojajar No. 70, Malang', 'Dedi Gunawan', 'Perawat', 'Hana Nugroho', 'Dokter', '081777613574', 301, 'Aktif'),
('00812345130', 'Joko Wahyudi', 'L', 'Malang', '2010-11-19', 'Jl. Dinoyo No. 86, Malang', 'Ali Saputra', 'Pilot', 'Siska Lubis', 'Pedagang', '081756745292', 135, 'Aktif'),
('00812345131', 'Safira Sutrisno', 'P', 'Malang', '2014-01-07', 'Jl. Sukarno Hatta No. 41, Malang', 'Iwan Raharjo', 'Supir', 'Tri Saputra', 'PNS', '081543037145', 161, 'Aktif'),
('00812345132', 'Dimas Purnomo', 'L', 'Malang', '2013-07-05', 'Jl. Kawi No. 42, Malang', 'Hendra Wahyudi', 'Guru', 'Yuliana Sutrisno', 'Karyawan Swasta', '081541315426', 198, 'Aktif'),
('00812345133', 'Yanto Wahyudi', 'L', 'Malang', '2010-04-10', 'Jl. Kawi No. 81, Malang', 'Indra Lubis', 'TNI', 'Utami Budiman', 'Nelayan', '081126582262', 298, 'Aktif'),
('00812345134', 'Indra Sitorus', 'L', 'Malang', '2014-05-01', 'Jl. Sulfat No. 9, Malang', 'Hendra Wahyudi', 'Pedagang', 'Fitri Ramadhan', 'Guru', '081322700520', 279, 'Aktif'),
('00812345135', 'Nur Ginting', 'P', 'Malang', '2014-06-10', 'Jl. Sukarno Hatta No. 58, Malang', 'Joko Pratama', 'Pilot', 'Ani Firmansyah', 'Dokter', '081446449236', 280, 'Aktif'),
('00812345136', 'Eka Wijaya', 'P', 'Malang', '2011-12-10', 'Jl. Sulfat No. 36, Malang', 'Rian Susanto', 'Guru', 'Rini Saputra', 'Wiraswasta', '081617552018', 190, 'Dikeluarkan'),
('00812345137', 'Taufik Ramadhan', 'L', 'Malang', '2010-06-23', 'Jl. Kawi No. 60, Malang', 'Dedi Siregar', 'Nelayan', 'Sari Pane', 'Supir', '081127796136', 307, 'Aktif'),
('00812345138', 'Surya Permana', 'L', 'Malang', '2013-02-11', 'Jl. Arjosari No. 82, Malang', 'Hendra Santoso', 'Dokter', 'Yuliana Sutrisno', 'Karyawan Swasta', '081358466324', 290, 'Aktif'),
('00812345139', 'Tri Purnomo', 'P', 'Malang', '2012-01-20', 'Jl. Borobudur No. 45, Malang', 'Aditya Permana', 'TNI', 'Indah Kusuma', 'PNS', '081185108742', 215, 'Aktif'),
('00812345140', 'Rizky Santoso', 'L', 'Malang', '2011-03-19', 'Jl. Veteran No. 74, Malang', 'Surya Sitorus', 'Polri', 'Dewi Sitorus', 'TNI', '081764516787', 191, 'Aktif'),
('00812345141', 'Widya Pane', 'P', 'Malang', '2011-10-14', 'Jl. Arjosari No. 42, Malang', 'Ahmad Hidayatullah', 'Buruh', 'Salma Sutrisno', 'Karyawan Swasta', '081645288611', 197, 'Aktif'),
('00812345142', 'Hadi Hidayatullah', 'L', 'Malang', '2013-04-01', 'Jl. Semeru No. 31, Malang', 'Agus Saputra', 'Nelayan', 'Siti Nasution', 'PNS', '081513916284', 347, 'Aktif'),
('00812345143', 'Hana Setiawan', 'P', 'Malang', '2010-08-16', 'Jl. Oro-oro Dowo No. 41, Malang', 'Taufik Gunawan', 'Wiraswasta', 'Lutfia Wahyudi', 'Supir', '081572729337', 247, 'Aktif'),
('00812345144', 'Hadi Hidayatullah', 'L', 'Malang', '2011-01-06', 'Jl. Kawi No. 88, Malang', 'Ali Pohan', 'Nelayan', 'Ani Siregar', 'TNI', '081707698636', 226, 'Aktif'),
('00812345145', 'Umar Lubis', 'L', 'Malang', '2013-11-10', 'Jl. Ijen No. 34, Malang', 'Dani Wibowo', 'Nelayan', 'Aura Ramadhan', 'Supir', '081684368243', 316, 'Aktif'),
('00812345146', 'Keysha Kusuma', 'P', 'Malang', '2013-11-12', 'Jl. Sukarno Hatta No. 93, Malang', 'Ali Siregar', 'Pilot', 'Siska Wahyudi', 'Arsitek', '081882806435', 143, 'Aktif'),
('00812345147', 'Nur Nasution', 'P', 'Malang', '2012-11-07', 'Jl. Blimbing No. 66, Malang', 'Umar Setiawan', 'Guru', 'Khadijah Sitorus', 'TNI', '081975394321', 119, 'Aktif'),
('00812345148', 'Sri Purnomo', 'P', 'Malang', '2013-11-22', 'Jl. Veteran No. 82, Malang', 'Fajar Kusuma', 'Pedagang', 'Fitri Wijaya', 'Dokter', '081975270610', 350, 'Aktif'),
('00812345149', 'Dedi Raharjo', 'L', 'Malang', '2014-06-12', 'Jl. Sukarno Hatta No. 21, Malang', 'Hasan Wahyudi', 'Arsitek', 'Utami Budiman', 'Supir', '081225894403', 255, 'Aktif'),
('00812345150', 'Zahra Saputra', 'P', 'Malang', '2011-08-11', 'Jl. Blimbing No. 84, Malang', 'Bambang Nugroho', 'Polri', 'Keysha Sitorus', 'Arsitek', '081714591546', 183, 'Aktif'),
('00812345151', 'Iwan Firmansyah', 'L', 'Malang', '2013-05-03', 'Jl. Langsep No. 44, Malang', 'Bayu Permana', 'Dokter', 'Siska Kusuma', 'Buruh', '081466582820', 154, 'Aktif'),
('00812345152', 'Dani Nugroho', 'L', 'Malang', '2011-12-09', 'Jl. Arjosari No. 100, Malang', 'Bambang Susanto', 'Supir', 'Aisyah Pane', 'Arsitek', '081687929986', 192, 'Aktif'),
('00812345153', 'Nabila Hidayatullah', 'P', 'Malang', '2014-07-11', 'Jl. Dinoyo No. 86, Malang', 'Ali Saputra', 'Pilot', 'Siska Lubis', 'Pedagang', '081756745292', 135, 'Aktif'),
('00812345154', 'Bambang Pane', 'L', 'Malang', '2010-03-26', 'Jl. Ijen No. 15, Malang', 'Prasetyo Raharjo', 'Nelayan', 'Linda Nasution', 'Satpam', '081673609905', 175, 'Aktif'),
('00812345155', 'Widya Kusuma', 'P', 'Malang', '2012-06-21', 'Jl. Oro-oro Dowo No. 74, Malang', 'Teguh Raharjo', 'Supir', 'Linda Siregar', 'Buruh', '081789756465', 217, 'Aktif'),
('00812345156', 'Rizky Wibowo', 'L', 'Malang', '2010-07-20', 'Jl. Oro-oro Dowo No. 93, Malang', 'Slamet Permana', 'Dokter', 'Safira Wibowo', 'Satpam', '081229223973', 118, 'Aktif'),
('00812345157', 'Ani Lubis', 'P', 'Malang', '2014-09-01', 'Jl. Blimbing No. 64, Malang', 'Iwan Purnomo', 'Buruh', 'Ani Santoso', 'Satpam', '081300329879', 248, 'Aktif'),
('00812345158', 'Indra Sutrisno', 'L', 'Malang', '2014-06-27', 'Jl. Dinoyo No. 27, Malang', 'Agus Santoso', 'Guru', 'Lutfia Santoso', 'Satpam', '081662000153', 138, 'Aktif'),
('00812345159', 'Yanto Purnomo', 'L', 'Malang', '2010-03-12', 'Jl. Langsep No. 6, Malang', 'Ahmad Purnomo', 'Satpam', 'Dian Lubis', 'Wiraswasta', '081604019910', 106, 'Aktif'),
('00812345160', 'Indah Nasution', 'P', 'Malang', '2012-03-15', 'Jl. Sukarno Hatta No. 44, Malang', 'Prasetyo Kusuma', 'Karyawan Swasta', 'Khadijah Nasution', 'Nelayan', '081459139364', 168, 'Aktif'),
('00812345161', 'Yanto Wahyudi', 'L', 'Malang', '2013-03-27', 'Jl. Oro-oro Dowo No. 21, Malang', 'Budi Siregar', 'Karyawan Swasta', 'Indah Saputra', 'Petani', '081971938463', 336, 'Aktif'),
('00812345162', 'Indah Setiawan', 'P', 'Malang', '2012-12-25', 'Jl. Veteran No. 74, Malang', 'Surya Sitorus', 'Polri', 'Dewi Sitorus', 'TNI', '081764516787', 191, 'Keluar'),
('00812345163', 'Dedi Pratama', 'L', 'Malang', '2013-09-23', 'Jl. Dinoyo No. 52, Malang', 'Surya Nasution', 'Pedagang', 'Aisyah Pane', 'Petani', '081430685223', 332, 'Aktif'),
('00812345164', 'Wawan Gunawan', 'L', 'Malang', '2013-01-20', 'Jl. Langsep No. 44, Malang', 'Bayu Permana', 'Dokter', 'Siska Kusuma', 'Buruh', '081466582820', 154, 'Aktif'),
('00812345165', 'Surya Gunawan', 'L', 'Malang', '2013-01-11', 'Jl. Kawi No. 96, Malang', 'Taufik Lubis', 'Satpam', 'Yuliana Sutrisno', 'Arsitek', '081354096009', 117, 'Aktif'),
('00812345166', 'Agus Setiawan', 'L', 'Malang', '2011-08-21', 'Jl. Blimbing No. 98, Malang', 'Zulkifli Ramadhan', 'Buruh', 'Fitri Budiman', 'Dosen', '081187464910', 249, 'Aktif'),
('00812345167', 'Aura Firmansyah', 'P', 'Malang', '2014-09-22', 'Jl. Kawi No. 88, Malang', 'Ali Pohan', 'Nelayan', 'Ani Siregar', 'TNI', '081707698636', 226, 'Aktif'),
('00812345168', 'Hana Sitorus', 'P', 'Malang', '2013-09-08', 'Jl. Kawi No. 99, Malang', 'Indra Sitorus', 'Pedagang', 'Nur Budiman', 'Dosen', '081502940771', 127, 'Aktif'),
('00812345169', 'Wawan Wijaya', 'L', 'Malang', '2012-03-09', 'Jl. Sulfat No. 36, Malang', 'Rian Susanto', 'Guru', 'Rini Saputra', 'Wiraswasta', '081617552018', 190, 'Aktif'),
('00812345170', 'Mega Permana', 'P', 'Malang', '2011-09-24', 'Jl. Blimbing No. 73, Malang', 'Dedi Pratama', 'Buruh', 'Yuliana Santoso', 'TNI', '081334324361', 288, 'Aktif'),
('00812345171', 'Yahya Budiman', 'L', 'Malang', '2014-06-08', 'Jl. Sulfat No. 33, Malang', 'Surya Wijaya', 'Petani', 'Kartika Santoso', 'Dokter', '081797553868', 157, 'Aktif'),
('00812345172', 'Umar Ramadhan', 'L', 'Malang', '2011-11-01', 'Jl. Sawojajar No. 42, Malang', 'Rizky Siregar', 'Dokter', 'Tri Hidayatullah', 'Nelayan', '081952206856', 151, 'Aktif'),
('00812345173', 'Hendra Gunawan', 'L', 'Malang', '2010-04-13', 'Jl. Ijen No. 15, Malang', 'Prasetyo Raharjo', 'Nelayan', 'Linda Nasution', 'Satpam', '081673609905', 175, 'Aktif'),
('00812345174', 'Fajar Pane', 'L', 'Malang', '2010-05-10', 'Jl. Sulfat No. 79, Malang', 'Slamet Purnomo', 'Wiraswasta', 'Wati Santoso', 'Wiraswasta', '081584206808', 108, 'Aktif'),
('00812345175', 'Aris Sitorus', 'L', 'Malang', '2012-08-28', 'Jl. Langsep No. 44, Malang', 'Bayu Permana', 'Dokter', 'Siska Kusuma', 'Buruh', '081466582820', 154, 'Aktif'),
('00812345176', 'Husain Santoso', 'L', 'Malang', '2013-09-23', 'Jl. Oro-oro Dowo No. 12, Malang', 'Ridwan Ramadhan', 'Pilot', 'Lestari Kusuma', 'Perawat', '081676295121', 302, 'Aktif'),
('00812345177', 'Siska Raharjo', 'P', 'Malang', '2012-12-26', 'Jl. Semeru No. 93, Malang', 'Zaki Raharjo', 'Supir', 'Ani Susanto', 'Arsitek', '081465844189', 337, 'Aktif'),
('00812345178', 'Aisyah Kusuma', 'P', 'Malang', '2013-12-25', 'Jl. Sawojajar No. 64, Malang', 'Sutrisno Siregar', 'Wiraswasta', 'Widya Gunawan', 'Wiraswasta', '081714151674', 244, 'Aktif'),
('00812345179', 'Yanto Purnomo', 'L', 'Malang', '2011-09-23', 'Jl. Langsep No. 67, Malang', 'Zulkifli Wijaya', 'Polri', 'Sri Purnomo', 'Pilot', '081479743305', 194, 'Aktif'),
('00812345180', 'Indra Santoso', 'L', 'Malang', '2010-09-07', 'Jl. Dinoyo No. 77, Malang', 'Bayu Purnomo', 'PNS', 'Tri Setiawan', 'Pedagang', '081999045545', 223, 'Aktif'),
('00812345181', 'Indra Sitorus', 'L', 'Malang', '2011-10-19', 'Jl. Blimbing No. 71, Malang', 'Surya Sutrisno', 'PNS', 'Nabila Saputra', 'Buruh', '081524967811', 170, 'Aktif'),
('00812345182', 'Dani Ramadhan', 'L', 'Malang', '2011-09-01', 'Jl. Oro-oro Dowo No. 79, Malang', 'Rudi Ramadhan', 'Buruh', 'Aisyah Permana', 'Pedagang', '081725903210', 246, 'Aktif'),
('00812345183', 'Khadijah Firmansyah', 'P', 'Malang', '2011-02-10', 'Jl. Semeru No. 19, Malang', 'Bambang Sutrisno', 'Guru', 'Sari Wijaya', 'Arsitek', '081448067899', 181, 'Aktif'),
('00812345184', 'Zahra Nugroho', 'P', 'Malang', '2011-05-06', 'Jl. Oro-oro Dowo No. 28, Malang', 'Agus Raharjo', 'Karyawan Swasta', 'Linda Wijaya', 'Pilot', '081906514035', 315, 'Aktif'),
('00812345185', 'Eka Wahyudi', 'P', 'Malang', '2013-01-20', 'Jl. Galunggung No. 68, Malang', 'Syarif Pohan', 'Guru', 'Indah Firmansyah', 'Wiraswasta', '081629638111', 281, 'Aktif'),
('00812345186', 'Aris Wijaya', 'L', 'Malang', '2013-05-08', 'Jl. Semeru No. 37, Malang', 'Syarif Saputra', 'TNI', 'Nur Ginting', 'Polri', '081459111660', 243, 'Aktif'),
('00812345187', 'Kartika Sitorus', 'P', 'Malang', '2014-09-05', 'Jl. Veteran No. 83, Malang', 'Sutrisno Pane', 'Satpam', 'Maya Wijaya', 'Buruh', '081837875679', 327, 'Aktif'),
('00812345188', 'Fajar Nasution', 'L', 'Malang', '2013-07-24', 'Jl. Sulfat No. 18, Malang', 'Dani Siregar', 'Dokter', 'Ani Ginting', 'Petani', '081382425856', 242, 'Aktif'),
('00812345189', 'Hasan Sutrisno', 'L', 'Malang', '2012-12-11', 'Jl. Kawi No. 79, Malang', 'Bayu Ginting', 'TNI', 'Fatmawati Susanto', 'TNI', '081790296840', 165, 'Aktif'),
('00812345190', 'Andi Nasution', 'L', 'Malang', '2012-01-05', 'Jl. Sawojajar No. 40, Malang', 'Dedi Pohan', 'Wiraswasta', 'Salma Kusuma', 'Supir', '081373535468', 172, 'Aktif'),
('00812345191', 'Umar Wibowo', 'L', 'Malang', '2011-02-07', 'Jl. Sulfat No. 49, Malang', 'Wahyu Gunawan', 'Petani', 'Widya Sitorus', 'Buruh', '081536953732', 130, 'Aktif'),
('00812345192', 'Maryam Wahyudi', 'P', 'Malang', '2014-10-12', 'Jl. Galunggung No. 85, Malang', 'Andi Saputra', 'Perawat', 'Lestari Purnomo', 'Buruh', '081910472332', 218, 'Aktif'),
('00812345193', 'Bambang Lubis', 'L', 'Malang', '2011-02-26', 'Jl. Blimbing No. 73, Malang', 'Dedi Pratama', 'Buruh', 'Yuliana Santoso', 'TNI', '081334324361', 288, 'Aktif'),
('00812345194', 'Aditya Hidayat', 'L', 'Malang', '2012-04-27', 'Jl. Galunggung No. 62, Malang', 'Bayu Permana', 'Buruh', 'Lutfia Permana', 'Dosen', '081405477083', 182, 'Aktif'),
('00812345195', 'Rian Lubis', 'L', 'Malang', '2012-02-11', 'Jl. Ijen No. 79, Malang', 'Dani Santoso', 'Pedagang', 'Linda Budiman', 'PNS', '081236406665', 171, 'Aktif'),
('00812345196', 'Taufik Wibowo', 'L', 'Malang', '2014-06-21', 'Jl. Arjosari No. 11, Malang', 'Aditya Wibowo', 'Arsitek', 'Khadijah Ginting', 'Guru', '081260483569', 259, 'Aktif'),
('00812345197', 'Rina Sitorus', 'P', 'Malang', '2013-10-07', 'Jl. Oro-oro Dowo No. 51, Malang', 'Aris Ramadhan', 'Pilot', 'Sari Wibowo', 'Nelayan', '081452940834', 275, 'Aktif'),
('00812345198', 'Fatmawati Susanto', 'P', 'Malang', '2013-05-12', 'Jl. Dinoyo No. 94, Malang', 'Dedi Sitorus', 'Karyawan Swasta', 'Salma Hidayatullah', 'Nelayan', '081132127786', 265, 'Aktif'),
('00812345199', 'Putri Wahyudi', 'P', 'Malang', '2012-09-20', 'Jl. Semeru No. 92, Malang', 'Husain Firmansyah', 'Petani', 'Widya Ginting', 'PNS', '081235388034', 176, 'Aktif'),
('00812345200', 'Ridwan Saputra', 'L', 'Malang', '2011-10-24', 'Jl. Veteran No. 92, Malang', 'Slamet Wahyudi', 'Buruh', 'Sri Sitorus', 'Petani', '081301634198', 160, 'Aktif'),
('00812345201', 'Hadi Nugroho', 'L', 'Malang', '2014-09-05', 'Jl. Semeru No. 99, Malang', 'Sutrisno Wibowo', 'PNS', 'Eka Firmansyah', 'Wiraswasta', '081887851021', 120, 'Aktif'),
('00812345202', 'Slamet Lubis', 'L', 'Malang', '2010-12-12', 'Jl. Oro-oro Dowo No. 57, Malang', 'Rizky Siregar', 'Satpam', 'Fitri Susanto', 'Supir', '081189805598', 346, 'Aktif'),
('00812345203', 'Fajar Sitorus', 'L', 'Malang', '2014-09-15', 'Jl. Sulfat No. 31, Malang', 'Prasetyo Sitorus', 'Pilot', 'Sari Pohan', 'Perawat', '081633540542', 178, 'Aktif'),
('00812345204', 'Aris Ramadhan', 'L', 'Malang', '2011-01-24', 'Jl. Ijen No. 80, Malang', 'Ahmad Pohan', 'Karyawan Swasta', 'Wati Lubis', 'Satpam', '081533841300', 140, 'Aktif'),
('00812345205', 'Maya Nasution', 'P', 'Malang', '2014-04-19', 'Jl. Veteran No. 12, Malang', 'Ali Lubis', 'Supir', 'Nabila Saputra', 'TNI', '081427912342', 203, 'Aktif'),
('00812345206', 'Dedi Pohan', 'L', 'Malang', '2013-06-22', 'Jl. Semeru No. 25, Malang', 'Fajar Permana', 'Perawat', 'Aisyah Hidayat', 'Arsitek', '081358780250', 177, 'Aktif'),
('00812345207', 'Rian Siregar', 'L', 'Malang', '2012-12-01', 'Jl. Sukarno Hatta No. 41, Malang', 'Iwan Raharjo', 'Supir', 'Tri Saputra', 'PNS', '081543037145', 161, 'Aktif'),
('00812345208', 'Aditya Firmansyah', 'L', 'Malang', '2011-06-19', 'Jl. Semeru No. 37, Malang', 'Syarif Saputra', 'TNI', 'Nur Ginting', 'Polri', '081459111660', 243, 'Aktif'),
('00812345209', 'Eka Ramadhan', 'P', 'Malang', '2012-12-27', 'Jl. Semeru No. 50, Malang', 'Andi Ramadhan', 'Polri', 'Mega Lubis', 'Petani', '081633795194', 125, 'Aktif'),
('00812345210', 'Yuliana Pohan', 'P', 'Malang', '2013-09-22', 'Jl. Sulfat No. 85, Malang', 'Ahmad Ramadhan', 'TNI', 'Ani Budiman', 'Karyawan Swasta', '081292906653', 162, 'Aktif'),
('00812345211', 'Slamet Nasution', 'L', 'Malang', '2010-10-17', 'Jl. Dinoyo No. 10, Malang', 'Dedi Ginting', 'Pilot', 'Dewi Ramadhan', 'Supir', '081176379250', 115, 'Aktif'),
('00812345212', 'Agus Sutrisno', 'L', 'Malang', '2010-08-09', 'Jl. Arjosari No. 13, Malang', 'Dani Kusuma', 'Satpam', 'Aisyah Sitorus', 'TNI', '081145222291', 345, 'Aktif'),
('00812345213', 'Iwan Sutrisno', 'L', 'Malang', '2010-01-09', 'Jl. Borobudur No. 31, Malang', 'Yahya Santoso', 'Guru', 'Yuliana Wijaya', 'Polri', '081702335388', 204, 'Aktif'),
('00812345214', 'Yanto Pane', 'L', 'Malang', '2010-06-09', 'Jl. Veteran No. 1, Malang', 'Aditya Nasution', 'Dosen', 'Amalia Saputra', 'Petani', '081251432876', 268, 'Aktif'),
('00812345215', 'Dimas Kusuma', 'L', 'Malang', '2012-04-14', 'Jl. Kawi No. 82, Malang', 'Rudi Saputra', 'PNS', 'Fatmawati Pane', 'TNI', '081881523094', 230, 'Keluar'),
('00812345216', 'Aris Saputra', 'L', 'Malang', '2013-03-28', 'Jl. Blimbing No. 66, Malang', 'Umar Setiawan', 'Guru', 'Khadijah Sitorus', 'TNI', '081975394321', 119, 'Aktif'),
('00812345217', 'Sri Wijaya', 'P', 'Malang', '2013-10-07', 'Jl. Blimbing No. 15, Malang', 'Bambang Sitorus', 'Wiraswasta', 'Ratna Santoso', 'Polri', '081376870135', 256, 'Aktif'),
('00812345218', 'Indra Siregar', 'L', 'Malang', '2012-02-07', 'Jl. Ijen No. 71, Malang', 'Hasan Hidayat', 'PNS', 'Lutfia Pohan', 'Perawat', '081394630557', 213, 'Aktif'),
('00812345219', 'Rizky Firmansyah', 'L', 'Malang', '2013-07-08', 'Jl. Galunggung No. 81, Malang', 'Yanto Siregar', 'Buruh', 'Utami Wibowo', 'Guru', '081121940046', 294, 'Aktif'),
('00812345220', 'Hasan Purnomo', 'L', 'Malang', '2012-02-28', 'Jl. Semeru No. 83, Malang', 'Ridwan Budiman', 'Nelayan', 'Maryam Nugroho', 'Petani', '081221197109', 155, 'Aktif'),
('00812345221', 'Wawan Wahyudi', 'L', 'Malang', '2012-05-09', 'Jl. Sulfat No. 12, Malang', 'Bambang Setiawan', 'Buruh', 'Indah Ramadhan', 'Dosen', '081178261903', 199, 'Aktif'),
('00812345222', 'Utami Ginting', 'P', 'Malang', '2010-09-08', 'Jl. Arjosari No. 39, Malang', 'Eko Setiawan', 'Satpam', 'Linda Pane', 'Polri', '081885712005', 133, 'Aktif'),
('00812345223', 'Amalia Lubis', 'P', 'Malang', '2010-03-20', 'Jl. Ijen No. 71, Malang', 'Hasan Hidayat', 'PNS', 'Lutfia Pohan', 'Perawat', '081394630557', 213, 'Aktif'),
('00812345224', 'Slamet Purnomo', 'L', 'Malang', '2014-12-10', 'Jl. Blimbing No. 51, Malang', 'Dimas Wahyudi', 'Satpam', 'Sari Ramadhan', 'Pedagang', '081463743171', 111, 'Aktif'),
('00812345225', 'Dian Hidayat', 'P', 'Malang', '2012-03-15', 'Jl. Semeru No. 14, Malang', 'Guntur Raharjo', 'PNS', 'Eka Hidayat', 'Buruh', '081394580363', 320, 'Aktif'),
('00812345226', 'Hana Ramadhan', 'P', 'Malang', '2013-12-03', 'Jl. Sawojajar No. 42, Malang', 'Rizky Siregar', 'Dokter', 'Tri Hidayatullah', 'Nelayan', '081952206856', 151, 'Aktif'),
('00812345227', 'Kartika Nasution', 'P', 'Malang', '2012-12-09', 'Jl. Dinoyo No. 9, Malang', 'Hendra Ginting', 'Petani', 'Zahra Hidayatullah', 'Perawat', '081930380288', 124, 'Aktif'),
('00812345228', 'Maya Sitorus', 'P', 'Malang', '2014-11-23', 'Jl. Galunggung No. 68, Malang', 'Syarif Pohan', 'Guru', 'Indah Firmansyah', 'Wiraswasta', '081629638111', 281, 'Keluar'),
('00812345229', 'Surya Firmansyah', 'L', 'Malang', '2010-03-15', 'Jl. Dinoyo No. 47, Malang', 'Zulkifli Nasution', 'Pilot', 'Eka Lubis', 'Petani', '081336150990', 116, 'Aktif'),
('00812345230', 'Dimas Hidayatullah', 'L', 'Malang', '2013-12-09', 'Jl. Sukarno Hatta No. 54, Malang', 'Husain Nasution', 'Supir', 'Zahra Wibowo', 'Karyawan Swasta', '081542356799', 296, 'Aktif'),
('00812345231', 'Dimas Permana', 'L', 'Malang', '2011-06-13', 'Jl. Semeru No. 15, Malang', 'Hasan Pohan', 'Buruh', 'Wati Saputra', 'Perawat', '081196083899', 329, 'Aktif'),
('00812345232', 'Sutrisno Wijaya', 'L', 'Malang', '2010-01-21', 'Jl. Langsep No. 44, Malang', 'Bayu Permana', 'Dokter', 'Siska Kusuma', 'Buruh', '081466582820', 154, 'Dikeluarkan'),
('00812345233', 'Syarif Purnomo', 'L', 'Malang', '2014-04-23', 'Jl. Semeru No. 14, Malang', 'Guntur Raharjo', 'PNS', 'Eka Hidayat', 'Buruh', '081394580363', 320, 'Aktif'),
('00812345234', 'Utami Pohan', 'P', 'Malang', '2014-09-04', 'Jl. Semeru No. 72, Malang', 'Andi Budiman', 'Nelayan', 'Fatmawati Budiman', 'Guru', '081864055995', 271, 'Aktif'),
('00812345235', 'Syarif Wibowo', 'L', 'Malang', '2012-12-01', 'Jl. Semeru No. 83, Malang', 'Yahya Sitorus', 'Supir', 'Yuliana Gunawan', 'Pedagang', '081757475666', 195, 'Aktif'),
('00812345236', 'Kartika Firmansyah', 'P', 'Malang', '2013-10-14', 'Jl. Sawojajar No. 98, Malang', 'Andi Siregar', 'Buruh', 'Yuliana Kusuma', 'Arsitek', '081595062034', 224, 'Aktif'),
('00812345237', 'Siska Pohan', 'P', 'Malang', '2012-03-05', 'Jl. Arjosari No. 31, Malang', 'Syarif Sitorus', 'PNS', 'Fatmawati Wibowo', 'Buruh', '081255411712', 277, 'Aktif'),
('00812345238', 'Ahmad Wibowo', 'L', 'Malang', '2012-04-09', 'Jl. Sukarno Hatta No. 82, Malang', 'Dedi Susanto', 'Pilot', 'Utami Hidayatullah', 'Nelayan', '081481861344', 152, 'Aktif'),
('00812345239', 'Husain Nasution', 'L', 'Malang', '2013-03-05', 'Jl. Kawi No. 82, Malang', 'Rudi Saputra', 'PNS', 'Fatmawati Pane', 'TNI', '081881523094', 230, 'Aktif'),
('00812345240', 'Salma Raharjo', 'P', 'Malang', '2010-02-15', 'Jl. Dinoyo No. 34, Malang', 'Aris Permana', 'Dokter', 'Dian Wahyudi', 'Buruh', '081800128377', 229, 'Aktif'),
('00812345241', 'Sari Saputra', 'P', 'Malang', '2013-04-27', 'Jl. Veteran No. 12, Malang', 'Ali Lubis', 'Supir', 'Nabila Saputra', 'TNI', '081427912342', 203, 'Aktif'),
('00812345242', 'Dimas Budiman', 'L', 'Malang', '2010-08-04', 'Jl. Veteran No. 52, Malang', 'Umar Kusuma', 'Guru', 'Hana Susanto', 'Polri', '081334053122', 286, 'Aktif'),
('00812345243', 'Maryam Wahyudi', 'P', 'Malang', '2010-01-06', 'Jl. Dinoyo No. 95, Malang', 'Prasetyo Setiawan', 'Polri', 'Fatmawati Budiman', 'Guru', '081188021101', 101, 'Aktif'),
('00812345244', 'Ali Nugroho', 'L', 'Malang', '2014-10-26', 'Jl. Sukarno Hatta No. 82, Malang', 'Dedi Susanto', 'Pilot', 'Utami Hidayatullah', 'Nelayan', '081481861344', 152, 'Aktif'),
('00812345245', 'Fatmawati Permana', 'P', 'Malang', '2011-03-19', 'Jl. Arjosari No. 97, Malang', 'Rudi Setiawan', 'Polri', 'Fitri Permana', 'Nelayan', '081809184190', 221, 'Aktif'),
('00812345246', 'Zulkifli Pohan', 'L', 'Malang', '2013-07-10', 'Jl. Blimbing No. 94, Malang', 'Ali Firmansyah', 'Pedagang', 'Nabila Ramadhan', 'Nelayan', '081993402965', 334, 'Aktif'),
('00812345247', 'Prasetyo Setiawan', 'L', 'Malang', '2010-08-23', 'Jl. Langsep No. 96, Malang', 'Zulkifli Susanto', 'Dokter', 'Maya Hidayatullah', 'Supir', '081422786447', 333, 'Aktif'),
('00812345248', 'Siska Kusuma', 'P', 'Malang', '2012-11-18', 'Jl. Semeru No. 45, Malang', 'Ali Permana', 'TNI', 'Utami Firmansyah', 'Dokter', '081856588160', 258, 'Aktif'),
('00812345249', 'Zahra Pohan', 'P', 'Malang', '2012-07-28', 'Jl. Semeru No. 99, Malang', 'Sutrisno Wibowo', 'PNS', 'Eka Firmansyah', 'Wiraswasta', '081887851021', 120, 'Aktif'),
('00812345250', 'Keysha Gunawan', 'P', 'Malang', '2010-11-08', 'Jl. Arjosari No. 54, Malang', 'Dedi Saputra', 'Wiraswasta', 'Ani Raharjo', 'PNS', '081213243231', 311, 'Aktif'),
('00812345251', 'Keysha Gunawan', 'P', 'Malang', '2011-04-23', 'Jl. Oro-oro Dowo No. 74, Malang', 'Teguh Raharjo', 'Supir', 'Linda Siregar', 'Buruh', '081789756465', 217, 'Aktif'),
('00812345252', 'Salma Pohan', 'P', 'Malang', '2013-08-08', 'Jl. Sukarno Hatta No. 21, Malang', 'Hasan Wahyudi', 'Arsitek', 'Utami Budiman', 'Supir', '081225894403', 255, 'Aktif'),
('00812345253', 'Safira Hidayatullah', 'P', 'Malang', '2011-01-10', 'Jl. Veteran No. 7, Malang', 'Rizky Nasution', 'Dosen', 'Ratna Setiawan', 'Supir', '081406910676', 121, 'Aktif'),
('00812345254', 'Lestari Firmansyah', 'P', 'Malang', '2011-08-22', 'Jl. Veteran No. 68, Malang', 'Aris Nugroho', 'Dosen', 'Nur Permana', 'Karyawan Swasta', '081229215623', 264, 'Aktif'),
('00812345255', 'Eka Raharjo', 'P', 'Malang', '2010-01-11', 'Jl. Semeru No. 91, Malang', 'Zaki Budiman', 'Wiraswasta', 'Aura Purnomo', 'Satpam', '081481449833', 200, 'Aktif'),
('00812345256', 'Indra Budiman', 'L', 'Malang', '2011-03-27', 'Jl. Veteran No. 78, Malang', 'Zulkifli Saputra', 'Pedagang', 'Safira Susanto', 'Nelayan', '081493328933', 147, 'Aktif'),
('00812345257', 'Husain Pratama', 'L', 'Malang', '2010-05-02', 'Jl. Sulfat No. 67, Malang', 'Hamzah Kusuma', 'Polri', 'Lutfia Sutrisno', 'Guru', '081661081198', 112, 'Aktif'),
('00812345258', 'Iwan Nugroho', 'L', 'Malang', '2012-01-08', 'Jl. Blimbing No. 67, Malang', 'Syarif Permana', 'Guru', 'Ani Hidayatullah', 'TNI', '081858411113', 262, 'Aktif'),
('00812345259', 'Ahmad Wahyudi', 'L', 'Malang', '2010-03-20', 'Jl. Kawi No. 53, Malang', 'Prasetyo Gunawan', 'Dokter', 'Linda Budiman', 'TNI', '081566784718', 239, 'Aktif'),
('00812345260', 'Yanto Gunawan', 'L', 'Malang', '2011-09-15', 'Jl. Langsep No. 53, Malang', 'Aris Santoso', 'Satpam', 'Ani Hidayatullah', 'Pedagang', '081680729710', 266, 'Aktif'),
('00812345261', 'Zahra Sutrisno', 'P', 'Malang', '2012-06-23', 'Jl. Sawojajar No. 14, Malang', 'Agus Pratama', 'PNS', 'Dian Santoso', 'Supir', '081879961008', 318, 'Aktif'),
('00812345262', 'Teguh Budiman', 'L', 'Malang', '2010-09-27', 'Jl. Galunggung No. 11, Malang', 'Hadi Hidayat', 'Nelayan', 'Lestari Firmansyah', 'Guru', '081828726546', 163, 'Aktif'),
('00812345263', 'Kartika Hidayatullah', 'P', 'Malang', '2014-06-16', 'Jl. Veteran No. 42, Malang', 'Eko Wahyudi', 'Satpam', 'Yuliana Budiman', 'Dosen', '081107385016', 300, 'Aktif'),
('00812345264', 'Andi Kusuma', 'L', 'Malang', '2013-04-10', 'Jl. Arjosari No. 31, Malang', 'Syarif Sitorus', 'PNS', 'Fatmawati Wibowo', 'Buruh', '081255411712', 277, 'Aktif'),
('00812345265', 'Lutfia Lubis', 'P', 'Malang', '2010-02-27', 'Jl. Sawojajar No. 7, Malang', 'Taufik Siregar', 'PNS', 'Safira Ramadhan', 'Supir', '081213923997', 233, 'Keluar'),
('00812345266', 'Dian Sutrisno', 'P', 'Malang', '2010-11-12', 'Jl. Langsep No. 6, Malang', 'Ahmad Purnomo', 'Satpam', 'Dian Lubis', 'Wiraswasta', '081604019910', 106, 'Aktif'),
('00812345267', 'Ani Pohan', 'P', 'Malang', '2012-01-20', 'Jl. Dinoyo No. 72, Malang', 'Hadi Sutrisno', 'Supir', 'Utami Pane', 'Wiraswasta', '081742961885', 107, 'Aktif'),
('00812345268', 'Indra Wijaya', 'L', 'Malang', '2010-07-06', 'Jl. Blimbing No. 45, Malang', 'Bayu Purnomo', 'Arsitek', 'Dian Wahyudi', 'Dokter', '081166808852', 232, 'Aktif'),
('00812345269', 'Aura Gunawan', 'P', 'Malang', '2012-06-07', 'Jl. Dinoyo No. 71, Malang', 'Wahyu Ginting', 'Nelayan', 'Maryam Firmansyah', 'Petani', '081428973864', 123, 'Aktif'),
('00812345270', 'Ahmad Saputra', 'L', 'Malang', '2011-03-02', 'Jl. Galunggung No. 19, Malang', 'Aditya Ginting', 'Buruh', 'Sri Hidayat', 'Supir', '081282695042', 342, 'Aktif'),
('00812345271', 'Zulkifli Purnomo', 'L', 'Malang', '2011-02-19', 'Jl. Oro-oro Dowo No. 29, Malang', 'Budi Raharjo', 'Buruh', 'Dewi Setiawan', 'Satpam', '081798348247', 257, 'Aktif'),
('00812345272', 'Putri Siregar', 'P', 'Malang', '2013-05-28', 'Jl. Blimbing No. 88, Malang', 'Wawan Budiman', 'Supir', 'Utami Gunawan', 'PNS', '081921501364', 251, 'Aktif'),
('00812345273', 'Aisyah Wibowo', 'P', 'Malang', '2012-06-14', 'Jl. Veteran No. 20, Malang', 'Hasan Permana', 'Pilot', 'Indah Hidayatullah', 'Dosen', '081688067657', 234, 'Aktif'),
('00812345274', 'Kartika Saputra', 'P', 'Malang', '2012-03-03', 'Jl. Ijen No. 45, Malang', 'Budi Siregar', 'TNI', 'Maya Pohan', 'Dokter', '081125542521', 102, 'Aktif'),
('00812345275', 'Maya Budiman', 'P', 'Malang', '2014-12-14', 'Jl. Sukarno Hatta No. 30, Malang', 'Hamzah Hidayat', 'Petani', 'Nabila Wibowo', 'Satpam', '081929463245', 291, 'Aktif'),
('00812345276', 'Sri Firmansyah', 'P', 'Malang', '2010-01-26', 'Jl. Semeru No. 25, Malang', 'Fajar Permana', 'Perawat', 'Aisyah Hidayat', 'Arsitek', '081358780250', 177, 'Aktif'),
('00812345277', 'Fajar Firmansyah', 'L', 'Malang', '2014-12-11', 'Jl. Sukarno Hatta No. 21, Malang', 'Hasan Wahyudi', 'Arsitek', 'Utami Budiman', 'Supir', '081225894403', 255, 'Aktif'),
('00812345278', 'Utami Sitorus', 'P', 'Malang', '2011-04-05', 'Jl. Semeru No. 72, Malang', 'Andi Budiman', 'Nelayan', 'Fatmawati Budiman', 'Guru', '081864055995', 271, 'Aktif'),
('00812345279', 'Nabila Raharjo', 'P', 'Malang', '2012-06-06', 'Jl. Semeru No. 83, Malang', 'Ridwan Budiman', 'Nelayan', 'Maryam Nugroho', 'Petani', '081221197109', 155, 'Aktif'),
('00812345280', 'Utami Ginting', 'P', 'Malang', '2014-03-11', 'Jl. Langsep No. 63, Malang', 'Ali Susanto', 'Nelayan', 'Safira Pane', 'TNI', '081701975330', 209, 'Aktif'),
('00812345281', 'Safira Budiman', 'P', 'Malang', '2013-06-24', 'Jl. Blimbing No. 22, Malang', 'Surya Budiman', 'TNI', 'Putri Wahyudi', 'Petani', '081723331180', 272, 'Aktif'),
('00812345282', 'Fajar Pane', 'L', 'Malang', '2011-08-08', 'Jl. Blimbing No. 22, Malang', 'Dani Raharjo', 'Nelayan', 'Lestari Santoso', 'Dosen', '081852969133', 187, 'Aktif'),
('00812345283', 'Zahra Nugroho', 'P', 'Malang', '2012-09-23', 'Jl. Galunggung No. 96, Malang', 'Prasetyo Nugroho', 'Arsitek', 'Khadijah Siregar', 'TNI', '081305117566', 303, 'Aktif'),
('00812345284', 'Khadijah Santoso', 'P', 'Malang', '2011-02-01', 'Jl. Semeru No. 86, Malang', 'Hasan Nugroho', 'Dokter', 'Widya Siregar', 'Polri', '081414288291', 269, 'Aktif'),
('00812345285', 'Yuliana Wibowo', 'P', 'Malang', '2010-02-06', 'Jl. Dinoyo No. 72, Malang', 'Hadi Sutrisno', 'Supir', 'Utami Pane', 'Wiraswasta', '081742961885', 107, 'Aktif'),
('00812345286', 'Amalia Pane', 'P', 'Malang', '2012-12-06', 'Jl. Oro-oro Dowo No. 87, Malang', 'Prasetyo Kusuma', 'TNI', 'Kartika Hidayat', 'Wiraswasta', '081653960201', 141, 'Aktif'),
('00812345287', 'Rini Pane', 'P', 'Malang', '2013-09-24', 'Jl. Sulfat No. 29, Malang', 'Fajar Purnomo', 'PNS', 'Lutfia Sutrisno', 'Petani', '081746038291', 306, 'Aktif'),
('00812345288', 'Hendra Gunawan', 'L', 'Malang', '2011-06-11', 'Jl. Blimbing No. 66, Malang', 'Surya Permana', 'Satpam', 'Dian Pohan', 'Guru', '081332392118', 131, 'Aktif'),
('00812345289', 'Yuliana Pane', 'P', 'Malang', '2013-09-07', 'Jl. Veteran No. 80, Malang', 'Indra Hidayat', 'Supir', 'Yuliana Wibowo', 'TNI', '081725314341', 339, 'Aktif'),
('00812345290', 'Sari Purnomo', 'P', 'Malang', '2012-09-26', 'Jl. Semeru No. 33, Malang', 'Aris Sutrisno', 'TNI', 'Maryam Budiman', 'Wiraswasta', '081353883253', 211, 'Aktif'),
('00812345291', 'Maryam Ginting', 'P', 'Malang', '2010-08-01', 'Jl. Kawi No. 41, Malang', 'Guntur Sitorus', 'TNI', 'Hana Saputra', 'Perawat', '081998004035', 225, 'Aktif'),
('00812345292', 'Khadijah Nasution', 'P', 'Malang', '2014-01-26', 'Jl. Borobudur No. 92, Malang', 'Wahyu Susanto', 'Pedagang', 'Lutfia Pratama', 'Arsitek', '081508243699', 274, 'Aktif'),
('00812345293', 'Ratna Wibowo', 'P', 'Malang', '2012-01-24', 'Jl. Ijen No. 15, Malang', 'Prasetyo Raharjo', 'Nelayan', 'Linda Nasution', 'Satpam', '081673609905', 175, 'Aktif'),
('00812345294', 'Rina Susanto', 'P', 'Malang', '2013-09-26', 'Jl. Kawi No. 65, Malang', 'Yanto Ramadhan', 'Buruh', 'Rini Sitorus', 'Wiraswasta', '081151224847', 308, 'Aktif'),
('00812345295', 'Dian Purnomo', 'P', 'Malang', '2011-05-12', 'Jl. Kawi No. 84, Malang', 'Fauzan Budiman', 'Karyawan Swasta', 'Ratna Wibowo', 'Perawat', '081332988576', 189, 'Aktif'),
('00812345296', 'Eka Purnomo', 'P', 'Malang', '2012-12-20', 'Jl. Borobudur No. 46, Malang', 'Budi Susanto', 'Arsitek', 'Ani Susanto', 'Dosen', '081712778697', 293, 'Aktif'),
('00812345297', 'Hasan Pohan', 'L', 'Malang', '2012-01-11', 'Jl. Dinoyo No. 27, Malang', 'Agus Santoso', 'Guru', 'Lutfia Santoso', 'Satpam', '081662000153', 138, 'Aktif'),
('00812345298', 'Aditya Pane', 'L', 'Malang', '2014-05-28', 'Jl. Arjosari No. 97, Malang', 'Rudi Setiawan', 'Polri', 'Fitri Permana', 'Nelayan', '081809184190', 221, 'Aktif'),
('00812345299', 'Umar Sitorus', 'L', 'Malang', '2014-09-12', 'Jl. Semeru No. 33, Malang', 'Aris Sutrisno', 'TNI', 'Maryam Budiman', 'Wiraswasta', '081353883253', 211, 'Aktif'),
('00812345300', 'Hasan Permana', 'L', 'Malang', '2013-11-28', 'Jl. Dinoyo No. 44, Malang', 'Ali Nasution', 'Polri', 'Nabila Santoso', 'Pilot', '081660894195', 276, 'Aktif'),
('00812345301', 'Kartika Firmansyah', 'P', 'Malang', '2013-08-08', 'Jl. Borobudur No. 22, Malang', 'Bambang Hidayat', 'PNS', 'Dewi Budiman', 'Guru', '081736145808', 283, 'Aktif'),
('00812345302', 'Dimas Gunawan', 'L', 'Malang', '2010-06-16', 'Jl. Ijen No. 28, Malang', 'Sutrisno Ginting', 'Pilot', 'Dian Budiman', 'Karyawan Swasta', '081993259572', 214, 'Aktif'),
('00812345303', 'Ali Setiawan', 'L', 'Malang', '2011-06-05', 'Jl. Blimbing No. 66, Malang', 'Surya Permana', 'Satpam', 'Dian Pohan', 'Guru', '081332392118', 131, 'Aktif'),
('00812345304', 'Guntur Raharjo', 'L', 'Malang', '2010-09-25', 'Jl. Blimbing No. 22, Malang', 'Surya Budiman', 'TNI', 'Putri Wahyudi', 'Petani', '081723331180', 272, 'Aktif'),
('00812345305', 'Nabila Susanto', 'P', 'Malang', '2013-11-25', 'Jl. Dinoyo No. 95, Malang', 'Prasetyo Setiawan', 'Polri', 'Fatmawati Budiman', 'Guru', '081188021101', 101, 'Aktif'),
('00812345306', 'Surya Budiman', 'L', 'Malang', '2010-11-14', 'Jl. Dinoyo No. 94, Malang', 'Wahyu Ginting', 'Petani', 'Khadijah Susanto', 'Wiraswasta', '081631980588', 139, 'Aktif'),
('00812345307', 'Sri Wijaya', 'P', 'Malang', '2010-08-14', 'Jl. Arjosari No. 13, Malang', 'Dani Kusuma', 'Satpam', 'Aisyah Sitorus', 'TNI', '081145222291', 345, 'Aktif'),
('00812345308', 'Nabila Setiawan', 'P', 'Malang', '2013-05-03', 'Jl. Arjosari No. 42, Malang', 'Ahmad Hidayatullah', 'Buruh', 'Salma Sutrisno', 'Karyawan Swasta', '081645288611', 197, 'Aktif'),
('00812345309', 'Wawan Wahyudi', 'L', 'Malang', '2010-10-21', 'Jl. Sulfat No. 29, Malang', 'Fajar Purnomo', 'PNS', 'Lutfia Sutrisno', 'Petani', '081746038291', 306, 'Aktif'),
('00812345310', 'Wahyu Pohan', 'L', 'Malang', '2011-10-05', 'Jl. Borobudur No. 38, Malang', 'Rizky Gunawan', 'Buruh', 'Maryam Pratama', 'Supir', '081349082877', 184, 'Aktif'),
('00812345311', 'Zulkifli Sutrisno', 'L', 'Malang', '2011-12-18', 'Jl. Semeru No. 27, Malang', 'Yanto Lubis', 'Pilot', 'Wati Nugroho', 'Buruh', '081558370035', 109, 'Aktif'),
('00812345312', 'Taufik Pratama', 'L', 'Malang', '2012-02-14', 'Jl. Sawojajar No. 46, Malang', 'Aris Raharjo', 'Buruh', 'Khadijah Saputra', 'Petani', '081370273872', 166, 'Aktif'),
('00812345313', 'Rudi Purnomo', 'L', 'Malang', '2011-08-11', 'Jl. Oro-oro Dowo No. 52, Malang', 'Surya Pratama', 'Perawat', 'Rina Siregar', 'Polri', '081556447727', 228, 'Aktif'),
('00812345314', 'Taufik Raharjo', 'L', 'Malang', '2011-05-11', 'Jl. Ijen No. 68, Malang', 'Dedi Wijaya', 'Karyawan Swasta', 'Rina Santoso', 'TNI', '081656462974', 129, 'Aktif'),
('00812345315', 'Lukman Siregar', 'L', 'Malang', '2012-09-20', 'Jl. Galunggung No. 73, Malang', 'Prasetyo Raharjo', 'TNI', 'Siska Sutrisno', 'Karyawan Swasta', '081938351048', 156, 'Aktif'),
('00812345316', 'Rizky Hidayatullah', 'L', 'Malang', '2013-08-01', 'Jl. Ijen No. 5, Malang', 'Joko Permana', 'Petani', 'Zahra Wahyudi', 'Nelayan', '081194304471', 146, 'Aktif'),
('00812345317', 'Agus Gunawan', 'L', 'Malang', '2012-04-27', 'Jl. Sukarno Hatta No. 5, Malang', 'Sutrisno Ginting', 'PNS', 'Rini Raharjo', 'Polri', '081843276644', 207, 'Aktif'),
('00812345318', 'Hamzah Sutrisno', 'L', 'Malang', '2014-09-08', 'Jl. Galunggung No. 62, Malang', 'Bayu Permana', 'Buruh', 'Lutfia Permana', 'Dosen', '081405477083', 182, 'Aktif'),
('00812345319', 'Syarif Lubis', 'L', 'Malang', '2012-02-07', 'Jl. Borobudur No. 70, Malang', 'Ahmad Kusuma', 'Arsitek', 'Rina Permana', 'Pilot', '081569922281', 278, 'Aktif'),
('00812345320', 'Joko Saputra', 'L', 'Malang', '2011-06-02', 'Jl. Galunggung No. 50, Malang', 'Ridwan Pane', 'TNI', 'Rini Wahyudi', 'Arsitek', '081232779898', 167, 'Aktif'),
('00812345321', 'Hamzah Raharjo', 'L', 'Malang', '2014-05-05', 'Jl. Blimbing No. 6, Malang', 'Agus Pane', 'Pedagang', 'Lutfia Purnomo', 'Satpam', '081584187847', 150, 'Aktif'),
('00812345322', 'Siska Siregar', 'P', 'Malang', '2013-08-12', 'Jl. Oro-oro Dowo No. 50, Malang', 'Aris Wibowo', 'Supir', 'Widya Wibowo', 'Perawat', '081153531682', 324, 'Aktif'),
('00812345323', 'Lutfia Firmansyah', 'P', 'Malang', '2014-07-21', 'Jl. Sukarno Hatta No. 54, Malang', 'Husain Nasution', 'Supir', 'Zahra Wibowo', 'Karyawan Swasta', '081542356799', 296, 'Aktif'),
('00812345324', 'Budi Purnomo', 'L', 'Malang', '2014-03-21', 'Jl. Borobudur No. 70, Malang', 'Ahmad Kusuma', 'Arsitek', 'Rina Permana', 'Pilot', '081569922281', 278, 'Aktif'),
('00812345325', 'Sri Siregar', 'P', 'Malang', '2011-10-22', 'Jl. Ijen No. 65, Malang', 'Joko Gunawan', 'Buruh', 'Hana Susanto', 'Satpam', '081798796901', 309, 'Aktif'),
('00812345326', 'Wati Gunawan', 'P', 'Malang', '2013-01-23', 'Jl. Langsep No. 7, Malang', 'Andi Siregar', 'Petani', 'Fitri Santoso', 'Petani', '081988749443', 260, 'Aktif'),
('00812345327', 'Dewi Pane', 'P', 'Malang', '2014-01-01', 'Jl. Arjosari No. 85, Malang', 'Zulkifli Setiawan', 'Polri', 'Fatmawati Susanto', 'PNS', '081976397375', 174, 'Aktif'),
('00812345328', 'Ratna Firmansyah', 'P', 'Malang', '2013-12-20', 'Jl. Sulfat No. 30, Malang', 'Hendra Nasution', 'Wiraswasta', 'Mega Gunawan', 'Karyawan Swasta', '081238858387', 321, 'Aktif'),
('00812345329', 'Rina Saputra', 'P', 'Malang', '2011-04-26', 'Jl. Oro-oro Dowo No. 41, Malang', 'Taufik Gunawan', 'Wiraswasta', 'Lutfia Wahyudi', 'Supir', '081572729337', 247, 'Aktif'),
('00812345330', 'Indra Hidayat', 'L', 'Malang', '2011-11-26', 'Jl. Arjosari No. 54, Malang', 'Dedi Saputra', 'Wiraswasta', 'Ani Raharjo', 'PNS', '081213243231', 311, 'Aktif'),
('00812345331', 'Safira Nasution', 'P', 'Malang', '2010-03-16', 'Jl. Sukarno Hatta No. 21, Malang', 'Hasan Wahyudi', 'Arsitek', 'Utami Budiman', 'Supir', '081225894403', 255, 'Aktif'),
('00812345332', 'Salma Hidayatullah', 'P', 'Malang', '2011-11-21', 'Jl. Ijen No. 100, Malang', 'Dimas Nugroho', 'Dokter', 'Putri Nasution', 'Dosen', '081432711655', 241, 'Aktif'),
('00812345333', 'Siti Nasution', 'P', 'Malang', '2014-07-11', 'Jl. Galunggung No. 27, Malang', 'Umar Hidayat', 'Pedagang', 'Mega Purnomo', 'Dokter', '081384708434', 285, 'Aktif'),
('00812345334', 'Amalia Susanto', 'P', 'Malang', '2013-05-19', 'Jl. Ijen No. 15, Malang', 'Prasetyo Raharjo', 'Nelayan', 'Linda Nasution', 'Satpam', '081673609905', 175, 'Aktif'),
('00812345335', 'Widya Wahyudi', 'P', 'Malang', '2010-06-01', 'Jl. Veteran No. 78, Malang', 'Zulkifli Saputra', 'Pedagang', 'Safira Susanto', 'Nelayan', '081493328933', 147, 'Aktif'),
('00812345336', 'Eko Nugroho', 'L', 'Malang', '2010-12-18', 'Jl. Oro-oro Dowo No. 33, Malang', 'Taufik Wijaya', 'Guru', 'Mega Lubis', 'TNI', '081805901736', 186, 'Aktif'),
('00812345337', 'Amalia Pohan', 'P', 'Malang', '2011-01-04', 'Jl. Kawi No. 81, Malang', 'Indra Lubis', 'TNI', 'Utami Budiman', 'Nelayan', '081126582262', 298, 'Aktif'),
('00812345338', 'Lutfia Nasution', 'P', 'Malang', '2011-07-17', 'Jl. Blimbing No. 22, Malang', 'Aditya Sitorus', 'Supir', 'Fitri Nugroho', 'Karyawan Swasta', '081530321431', 126, 'Aktif'),
('00812345339', 'Zahra Saputra', 'P', 'Malang', '2012-12-27', 'Jl. Sawojajar No. 21, Malang', 'Slamet Saputra', 'Pilot', 'Aura Kusuma', 'Nelayan', '081200932153', 252, 'Aktif'),
('00812345340', 'Fitri Lubis', 'P', 'Malang', '2012-03-11', 'Jl. Blimbing No. 71, Malang', 'Aris Ginting', 'Pedagang', 'Safira Pratama', 'Guru', '081732756349', 253, 'Aktif'),
('00812345341', 'Ahmad Susanto', 'L', 'Malang', '2011-11-15', 'Jl. Kawi No. 53, Malang', 'Zaki Permana', 'Petani', 'Nur Santoso', 'Petani', '081226940104', 287, 'Aktif'),
('00812345342', 'Ridwan Siregar', 'L', 'Malang', '2011-08-16', 'Jl. Sawojajar No. 8, Malang', 'Ridwan Saputra', 'Perawat', 'Fatmawati Budiman', 'Satpam', '081320467336', 216, 'Aktif'),
('00812345343', 'Rizky Saputra', 'L', 'Malang', '2010-10-04', 'Jl. Sawojajar No. 63, Malang', 'Ridwan Permana', 'Buruh', 'Siti Sutrisno', 'Pilot', '081350429796', 179, 'Aktif'),
('00812345344', 'Guntur Setiawan', 'L', 'Malang', '2013-02-19', 'Jl. Veteran No. 62, Malang', 'Bayu Sutrisno', 'Supir', 'Wati Ginting', 'Pilot', '081729062821', 297, 'Aktif'),
('00812345345', 'Lestari Lubis', 'P', 'Malang', '2012-11-08', 'Jl. Veteran No. 1, Malang', 'Aditya Nasution', 'Dosen', 'Amalia Saputra', 'Petani', '081251432876', 268, 'Aktif'),
('00812345346', 'Siska Pohan', 'P', 'Malang', '2014-08-15', 'Jl. Langsep No. 61, Malang', 'Prasetyo Permana', 'Satpam', 'Safira Lubis', 'Satpam', '081483825724', 238, 'Aktif'),
('00812345347', 'Salma Firmansyah', 'P', 'Malang', '2013-08-01', 'Jl. Veteran No. 68, Malang', 'Aris Nugroho', 'Dosen', 'Nur Permana', 'Karyawan Swasta', '081229215623', 264, 'Aktif'),
('00812345348', 'Dedi Saputra', 'L', 'Malang', '2014-10-07', 'Jl. Galunggung No. 62, Malang', 'Bayu Permana', 'Buruh', 'Lutfia Permana', 'Dosen', '081405477083', 182, 'Aktif'),
('00812345349', 'Dani Susanto', 'L', 'Malang', '2011-01-10', 'Jl. Dinoyo No. 48, Malang', 'Andi Setiawan', 'Dokter', 'Keysha Hidayatullah', 'Guru', '081797450258', 237, 'Aktif'),
('00812345350', 'Aura Nasution', 'P', 'Malang', '2010-06-02', 'Jl. Ijen No. 91, Malang', 'Zaki Pratama', 'TNI', 'Fatmawati Susanto', 'Pilot', '081240794518', 164, 'Aktif'),
('00812345351', 'Lestari Nasution', 'P', 'Malang', '2014-06-08', 'Jl. Oro-oro Dowo No. 51, Malang', 'Aris Ramadhan', 'Pilot', 'Sari Wibowo', 'Nelayan', '081452940834', 275, 'Aktif'),
('00812345352', 'Safira Hidayat', 'P', 'Malang', '2012-04-19', 'Jl. Dinoyo No. 86, Malang', 'Ali Saputra', 'Pilot', 'Siska Lubis', 'Pedagang', '081756745292', 135, 'Aktif'),
('00812345353', 'Lukman Wahyudi', 'L', 'Malang', '2012-05-03', 'Jl. Dinoyo No. 94, Malang', 'Dedi Sitorus', 'Karyawan Swasta', 'Salma Hidayatullah', 'Nelayan', '081132127786', 265, 'Aktif'),
('00812345354', 'Kartika Permana', 'P', 'Malang', '2011-12-25', 'Jl. Borobudur No. 25, Malang', 'Hadi Ginting', 'Pilot', 'Lutfia Setiawan', 'Arsitek', '081615522246', 173, 'Aktif'),
('00812345355', 'Ali Santoso', 'L', 'Malang', '2014-04-09', 'Jl. Ijen No. 79, Malang', 'Dani Santoso', 'Pedagang', 'Linda Budiman', 'PNS', '081236406665', 171, 'Aktif'),
('00812345356', 'Keysha Hidayat', 'P', 'Malang', '2011-08-04', 'Jl. Borobudur No. 14, Malang', 'Aris Hidayat', 'TNI', 'Eka Pane', 'PNS', '081565234511', 240, 'Aktif'),
('00812345357', 'Eka Firmansyah', 'P', 'Malang', '2012-06-21', 'Jl. Sulfat No. 86, Malang', 'Fajar Hidayat', 'Polri', 'Siska Permana', 'Guru', '081894965481', 114, 'Aktif'),
('00812345358', 'Dian Wibowo', 'P', 'Malang', '2011-03-27', 'Jl. Sawojajar No. 4, Malang', 'Hasan Hidayatullah', 'Karyawan Swasta', 'Ani Sitorus', 'Satpam', '081210121666', 331, 'Aktif'),
('00812345359', 'Salma Wahyudi', 'P', 'Malang', '2011-02-21', 'Jl. Sawojajar No. 40, Malang', 'Dedi Pohan', 'Wiraswasta', 'Salma Kusuma', 'Supir', '081373535468', 172, 'Aktif'),
('00812345360', 'Teguh Raharjo', 'L', 'Malang', '2012-09-18', 'Jl. Sulfat No. 68, Malang', 'Umar Nugroho', 'Guru', 'Hana Raharjo', 'Pedagang', '081709784928', 137, 'Aktif'),
('00812345361', 'Dedi Pratama', 'L', 'Malang', '2014-04-28', 'Jl. Borobudur No. 14, Malang', 'Aris Hidayat', 'TNI', 'Eka Pane', 'PNS', '081565234511', 240, 'Aktif'),
('00812345362', 'Dani Santoso', 'L', 'Malang', '2011-06-12', 'Jl. Oro-oro Dowo No. 50, Malang', 'Aris Wibowo', 'Supir', 'Widya Wibowo', 'Perawat', '081153531682', 324, 'Aktif'),
('00812345363', 'Aura Wahyudi', 'P', 'Malang', '2014-07-12', 'Jl. Borobudur No. 11, Malang', 'Wahyu Kusuma', 'Polri', 'Aisyah Nugroho', 'Petani', '081586618785', 338, 'Aktif'),
('00812345364', 'Nur Saputra', 'P', 'Malang', '2014-04-01', 'Jl. Langsep No. 100, Malang', 'Ahmad Pohan', 'Pilot', 'Maryam Lubis', 'PNS', '081905736356', 263, 'Aktif'),
('00812345365', 'Taufik Santoso', 'L', 'Malang', '2012-02-03', 'Jl. Semeru No. 19, Malang', 'Bambang Sutrisno', 'Guru', 'Sari Wijaya', 'Arsitek', '081448067899', 181, 'Aktif'),
('00812345366', 'Yanto Ramadhan', 'L', 'Malang', '2013-04-02', 'Jl. Galunggung No. 36, Malang', 'Ahmad Purnomo', 'Perawat', 'Khadijah Raharjo', 'Pilot', '081511360081', 284, 'Aktif'),
('00812345367', 'Ahmad Saputra', 'L', 'Malang', '2012-06-08', 'Jl. Blimbing No. 71, Malang', 'Surya Sutrisno', 'PNS', 'Nabila Saputra', 'Buruh', '081524967811', 170, 'Aktif'),
('00812345368', 'Aditya Sutrisno', 'L', 'Malang', '2014-03-23', 'Jl. Semeru No. 91, Malang', 'Zaki Budiman', 'Wiraswasta', 'Aura Purnomo', 'Satpam', '081481449833', 200, 'Aktif'),
('00812345369', 'Rizky Pratama', 'L', 'Malang', '2012-01-19', 'Jl. Langsep No. 44, Malang', 'Bayu Permana', 'Dokter', 'Siska Kusuma', 'Buruh', '081466582820', 154, 'Aktif'),
('00812345370', 'Umar Lubis', 'L', 'Malang', '2013-11-21', 'Jl. Blimbing No. 22, Malang', 'Surya Budiman', 'TNI', 'Putri Wahyudi', 'Petani', '081723331180', 272, 'Aktif'),
('00812345371', 'Lukman Budiman', 'L', 'Malang', '2010-06-12', 'Jl. Dinoyo No. 82, Malang', 'Rian Pohan', 'Perawat', 'Mega Kusuma', 'Petani', '081214213068', 326, 'Aktif'),
('00812345372', 'Dimas Pratama', 'L', 'Malang', '2011-05-18', 'Jl. Sulfat No. 15, Malang', 'Zulkifli Wijaya', 'Petani', 'Khadijah Wibowo', 'Dosen', '081928810353', 261, 'Aktif'),
('00812345373', 'Utami Kusuma', 'P', 'Malang', '2012-03-20', 'Jl. Blimbing No. 73, Malang', 'Dedi Pratama', 'Buruh', 'Yuliana Santoso', 'TNI', '081334324361', 288, 'Aktif'),
('00812345374', 'Lestari Gunawan', 'P', 'Malang', '2012-05-15', 'Jl. Blimbing No. 88, Malang', 'Wawan Budiman', 'Supir', 'Utami Gunawan', 'PNS', '081921501364', 251, 'Aktif'),
('00812345375', 'Rizky Pohan', 'L', 'Malang', '2011-03-19', 'Jl. Veteran No. 43, Malang', 'Hamzah Pratama', 'Buruh', 'Fatmawati Pohan', 'Buruh', '081122621531', 330, 'Aktif'),
('00812345376', 'Teguh Hidayatullah', 'L', 'Malang', '2011-09-25', 'Jl. Galunggung No. 55, Malang', 'Dedi Susanto', 'Perawat', 'Widya Permana', 'Dosen', '081950474797', 188, 'Aktif'),
('00812345377', 'Rini Wahyudi', 'P', 'Malang', '2013-02-14', 'Jl. Kawi No. 47, Malang', 'Yahya Pohan', 'Guru', 'Maryam Kusuma', 'TNI', '081199473862', 341, 'Aktif'),
('00812345378', 'Dimas Setiawan', 'L', 'Malang', '2010-05-10', 'Jl. Veteran No. 83, Malang', 'Agus Budiman', 'Petani', 'Dian Saputra', 'Dosen', '081904045120', 220, 'Aktif'),
('00812345379', 'Siti Firmansyah', 'P', 'Malang', '2010-02-17', 'Jl. Borobudur No. 53, Malang', 'Umar Kusuma', 'TNI', 'Khadijah Pratama', 'Pilot', '081458527741', 208, 'Aktif'),
('00812345380', 'Indra Purnomo', 'L', 'Malang', '2012-11-10', 'Jl. Sawojajar No. 14, Malang', 'Agus Pratama', 'PNS', 'Dian Santoso', 'Supir', '081879961008', 318, 'Aktif'),
('00812345381', 'Kartika Santoso', 'P', 'Malang', '2011-11-19', 'Jl. Sawojajar No. 8, Malang', 'Ridwan Saputra', 'Perawat', 'Fatmawati Budiman', 'Satpam', '081320467336', 216, 'Aktif'),
('00812345382', 'Fitri Pohan', 'P', 'Malang', '2014-07-01', 'Jl. Sukarno Hatta No. 42, Malang', 'Prasetyo Pane', 'Guru', 'Ratna Nugroho', 'Petani', '081674380548', 236, 'Aktif'),
('00812345383', 'Sari Wijaya', 'P', 'Malang', '2014-03-09', 'Jl. Kawi No. 35, Malang', 'Lukman Setiawan', 'Dosen', 'Dian Ginting', 'TNI', '081698401104', 328, 'Aktif'),
('00812345384', 'Lukman Permana', 'L', 'Malang', '2013-09-02', 'Jl. Oro-oro Dowo No. 52, Malang', 'Surya Pratama', 'Perawat', 'Rina Siregar', 'Polri', '081556447727', 228, 'Aktif'),
('00812345385', 'Mega Siregar', 'P', 'Malang', '2014-05-03', 'Jl. Semeru No. 91, Malang', 'Zaki Budiman', 'Wiraswasta', 'Aura Purnomo', 'Satpam', '081481449833', 200, 'Aktif'),
('00812345386', 'Tri Permana', 'P', 'Malang', '2010-04-27', 'Jl. Arjosari No. 97, Malang', 'Rudi Setiawan', 'Polri', 'Fitri Permana', 'Nelayan', '081809184190', 221, 'Aktif'),
('00812345387', 'Agus Kusuma', 'L', 'Malang', '2013-12-19', 'Jl. Oro-oro Dowo No. 50, Malang', 'Aris Wibowo', 'Supir', 'Widya Wibowo', 'Perawat', '081153531682', 324, 'Aktif'),
('00812345388', 'Sutrisno Wijaya', 'L', 'Malang', '2014-06-22', 'Jl. Blimbing No. 51, Malang', 'Dimas Wahyudi', 'Satpam', 'Sari Ramadhan', 'Pedagang', '081463743171', 111, 'Aktif'),
('00812345389', 'Iwan Sitorus', 'L', 'Malang', '2014-09-26', 'Jl. Sawojajar No. 94, Malang', 'Hamzah Firmansyah', 'Pedagang', 'Maryam Wahyudi', 'Supir', '081570819392', 144, 'Aktif'),
('00812345390', 'Fajar Budiman', 'L', 'Malang', '2012-08-15', 'Jl. Dinoyo No. 47, Malang', 'Zulkifli Nasution', 'Pilot', 'Eka Lubis', 'Petani', '081336150990', 116, 'Aktif'),
('00812345391', 'Rini Gunawan', 'P', 'Malang', '2012-10-17', 'Jl. Veteran No. 52, Malang', 'Umar Kusuma', 'Guru', 'Hana Susanto', 'Polri', '081334053122', 286, 'Aktif'),
('00812345392', 'Taufik Santoso', 'L', 'Malang', '2011-01-28', 'Jl. Veteran No. 11, Malang', 'Ahmad Pratama', 'PNS', 'Maya Purnomo', 'Dokter', '081628524610', 180, 'Aktif'),
('00812345393', 'Rizky Kusuma', 'L', 'Malang', '2010-11-02', 'Jl. Sulfat No. 95, Malang', 'Rudi Firmansyah', 'Pilot', 'Siti Permana', 'Supir', '081377889198', 201, 'Aktif'),
('00812345394', 'Khadijah Wahyudi', 'P', 'Malang', '2012-10-11', 'Jl. Arjosari No. 31, Malang', 'Syarif Sitorus', 'PNS', 'Fatmawati Wibowo', 'Buruh', '081255411712', 277, 'Aktif'),
('00812345395', 'Dewi Pane', 'P', 'Malang', '2011-08-24', 'Jl. Blimbing No. 64, Malang', 'Iwan Purnomo', 'Buruh', 'Ani Santoso', 'Satpam', '081300329879', 248, 'Aktif'),
('00812345396', 'Aura Purnomo', 'P', 'Malang', '2013-03-09', 'Jl. Langsep No. 33, Malang', 'Eko Gunawan', 'Satpam', 'Mega Raharjo', 'Arsitek', '081111421285', 343, 'Aktif'),
('00812345397', 'Bayu Budiman', 'L', 'Malang', '2014-06-24', 'Jl. Sawojajar No. 42, Malang', 'Ahmad Nasution', 'TNI', 'Dian Nasution', 'TNI', '081428273578', 322, 'Aktif'),
('00812345398', 'Aisyah Raharjo', 'P', 'Malang', '2010-02-16', 'Jl. Veteran No. 26, Malang', 'Prasetyo Setiawan', 'Petani', 'Nabila Wibowo', 'Supir', '081748931626', 325, 'Aktif'),
('00812345399', 'Ahmad Kusuma', 'L', 'Malang', '2011-04-13', 'Jl. Dinoyo No. 29, Malang', 'Husain Sitorus', 'Pedagang', 'Keysha Lubis', 'Nelayan', '081902420296', 113, 'Aktif'),
('00812345400', 'Wati Ginting', 'P', 'Malang', '2010-12-23', 'Jl. Sukarno Hatta No. 41, Malang', 'Iwan Raharjo', 'Supir', 'Tri Saputra', 'PNS', '081543037145', 161, 'Aktif'),
('00812345401', 'Ahmad Budiman', 'L', 'Malang', '2011-12-18', 'Jl. Arjosari No. 13, Malang', 'Dani Kusuma', 'Satpam', 'Aisyah Sitorus', 'TNI', '081145222291', 345, 'Aktif'),
('00812345402', 'Putri Sitorus', 'P', 'Malang', '2013-04-16', 'Jl. Sawojajar No. 36, Malang', 'Yahya Hidayat', 'Karyawan Swasta', 'Kartika Siregar', 'Polri', '081473675207', 304, 'Aktif'),
('00812345403', 'Surya Ramadhan', 'L', 'Malang', '2012-09-12', 'Jl. Oro-oro Dowo No. 21, Malang', 'Teguh Wibowo', 'Pedagang', 'Widya Firmansyah', 'Nelayan', '081345072790', 289, 'Aktif'),
('00812345404', 'Prasetyo Ginting', 'L', 'Malang', '2013-10-21', 'Jl. Ijen No. 17, Malang', 'Rudi Wijaya', 'Arsitek', 'Sari Ginting', 'Pedagang', '081623418035', 202, 'Aktif'),
('00812345405', 'Utami Saputra', 'P', 'Malang', '2012-08-23', 'Jl. Oro-oro Dowo No. 87, Malang', 'Prasetyo Kusuma', 'TNI', 'Kartika Hidayat', 'Wiraswasta', '081653960201', 141, 'Aktif'),
('00812345406', 'Amalia Hidayat', 'P', 'Malang', '2011-07-03', 'Jl. Kawi No. 41, Malang', 'Joko Sutrisno', 'Arsitek', 'Rina Sutrisno', 'Perawat', '081464589826', 245, 'Aktif'),
('00812345407', 'Rini Pohan', 'P', 'Malang', '2014-02-17', 'Jl. Galunggung No. 27, Malang', 'Umar Hidayat', 'Pedagang', 'Mega Purnomo', 'Dokter', '081384708434', 285, 'Aktif'),
('00812345408', 'Rizky Hidayat', 'L', 'Malang', '2014-04-22', 'Jl. Kawi No. 41, Malang', 'Joko Sutrisno', 'Arsitek', 'Rina Sutrisno', 'Perawat', '081464589826', 245, 'Aktif'),
('00812345409', 'Rina Permana', 'P', 'Malang', '2013-11-18', 'Jl. Kawi No. 96, Malang', 'Taufik Lubis', 'Satpam', 'Yuliana Sutrisno', 'Arsitek', '081354096009', 117, 'Aktif'),
('00812345410', 'Zaki Hidayatullah', 'L', 'Malang', '2014-01-19', 'Jl. Galunggung No. 19, Malang', 'Aditya Ginting', 'Buruh', 'Sri Hidayat', 'Supir', '081282695042', 342, 'Aktif'),
('00812345411', 'Utami Pohan', 'P', 'Malang', '2014-10-06', 'Jl. Sulfat No. 31, Malang', 'Prasetyo Sitorus', 'Pilot', 'Sari Pohan', 'Perawat', '081633540542', 178, 'Aktif'),
('00812345412', 'Safira Budiman', 'P', 'Malang', '2013-01-22', 'Jl. Oro-oro Dowo No. 41, Malang', 'Taufik Gunawan', 'Wiraswasta', 'Lutfia Wahyudi', 'Supir', '081572729337', 247, 'Aktif'),
('00812345413', 'Fajar Setiawan', 'L', 'Malang', '2011-09-21', 'Jl. Dinoyo No. 27, Malang', 'Agus Santoso', 'Guru', 'Lutfia Santoso', 'Satpam', '081662000153', 138, 'Aktif'),
('00812345414', 'Agus Permana', 'L', 'Malang', '2013-04-21', 'Jl. Dinoyo No. 90, Malang', 'Lukman Setiawan', 'Satpam', 'Sri Firmansyah', 'Pilot', '081317942552', 136, 'Aktif'),
('00812345415', 'Surya Setiawan', 'L', 'Malang', '2014-07-03', 'Jl. Kawi No. 60, Malang', 'Dedi Siregar', 'Nelayan', 'Sari Pane', 'Supir', '081127796136', 307, 'Aktif'),
('00812345416', 'Nur Firmansyah', 'P', 'Malang', '2010-12-22', 'Jl. Dinoyo No. 90, Malang', 'Lukman Setiawan', 'Satpam', 'Sri Firmansyah', 'Pilot', '081317942552', 136, 'Aktif'),
('00812345417', 'Keysha Nugroho', 'P', 'Malang', '2013-02-17', 'Jl. Kawi No. 65, Malang', 'Yanto Ramadhan', 'Buruh', 'Rini Sitorus', 'Wiraswasta', '081151224847', 308, 'Aktif'),
('00812345418', 'Lukman Gunawan', 'L', 'Malang', '2014-05-08', 'Jl. Semeru No. 62, Malang', 'Wahyu Hidayatullah', 'Satpam', 'Eka Nugroho', 'Perawat', '081377409529', 219, 'Aktif'),
('00812345419', 'Tri Pratama', 'P', 'Malang', '2013-05-23', 'Jl. Langsep No. 73, Malang', 'Zaki Wibowo', 'Karyawan Swasta', 'Safira Setiawan', 'Polri', '081647614427', 153, 'Aktif'),
('00812345420', 'Teguh Wahyudi', 'L', 'Malang', '2013-02-13', 'Jl. Borobudur No. 92, Malang', 'Wahyu Susanto', 'Pedagang', 'Lutfia Pratama', 'Arsitek', '081508243699', 274, 'Aktif'),
('00812345421', 'Maryam Pane', 'P', 'Malang', '2012-09-11', 'Jl. Dinoyo No. 27, Malang', 'Agus Santoso', 'Guru', 'Lutfia Santoso', 'Satpam', '081662000153', 138, 'Aktif'),
('00812345422', 'Lukman Setiawan', 'L', 'Malang', '2010-01-07', 'Jl. Sawojajar No. 98, Malang', 'Andi Siregar', 'Buruh', 'Yuliana Kusuma', 'Arsitek', '081595062034', 224, 'Aktif'),
('00812345423', 'Joko Hidayat', 'L', 'Malang', '2012-08-10', 'Jl. Veteran No. 80, Malang', 'Yahya Kusuma', 'Guru', 'Hana Raharjo', 'Polri', '081800376054', 148, 'Aktif'),
('00812345424', 'Agus Hidayat', 'L', 'Malang', '2010-11-07', 'Jl. Semeru No. 62, Malang', 'Wahyu Hidayatullah', 'Satpam', 'Eka Nugroho', 'Perawat', '081377409529', 219, 'Aktif'),
('00812345425', 'Umar Sutrisno', 'L', 'Malang', '2014-04-01', 'Jl. Sulfat No. 98, Malang', 'Guntur Saputra', 'Perawat', 'Siska Raharjo', 'Dosen', '081498174162', 267, 'Aktif'),
('00812345426', 'Khadijah Permana', 'P', 'Malang', '2011-08-25', 'Jl. Semeru No. 100, Malang', 'Wahyu Sutrisno', 'Guru', 'Dian Purnomo', 'TNI', '081241244805', 292, 'Aktif'),
('00812345427', 'Andi Gunawan', 'L', 'Malang', '2014-04-20', 'Jl. Semeru No. 31, Malang', 'Agus Saputra', 'Nelayan', 'Siti Nasution', 'PNS', '081513916284', 347, 'Aktif'),
('00812345428', 'Rina Nugroho', 'P', 'Malang', '2014-07-22', 'Jl. Ijen No. 100, Malang', 'Teguh Siregar', 'Dokter', 'Linda Nasution', 'PNS', '081997804339', 254, 'Aktif'),
('00812345429', 'Utami Purnomo', 'P', 'Malang', '2012-11-19', 'Jl. Kawi No. 47, Malang', 'Yahya Pohan', 'Guru', 'Maryam Kusuma', 'TNI', '081199473862', 341, 'Aktif'),
('00812345430', 'Sari Saputra', 'P', 'Malang', '2014-05-28', 'Jl. Langsep No. 61, Malang', 'Prasetyo Permana', 'Satpam', 'Safira Lubis', 'Satpam', '081483825724', 238, 'Aktif'),
('00812345431', 'Nabila Budiman', 'P', 'Malang', '2011-05-21', 'Jl. Borobudur No. 53, Malang', 'Umar Kusuma', 'TNI', 'Khadijah Pratama', 'Pilot', '081458527741', 208, 'Aktif'),
('00812345432', 'Widya Pane', 'P', 'Malang', '2014-12-09', 'Jl. Borobudur No. 22, Malang', 'Bambang Hidayat', 'PNS', 'Dewi Budiman', 'Guru', '081736145808', 283, 'Aktif'),
('00812345433', 'Lukman Sutrisno', 'L', 'Malang', '2010-05-17', 'Jl. Langsep No. 100, Malang', 'Ahmad Pohan', 'Pilot', 'Maryam Lubis', 'PNS', '081905736356', 263, 'Aktif'),
('00812345434', 'Indah Santoso', 'P', 'Malang', '2011-06-20', 'Jl. Ijen No. 68, Malang', 'Dedi Wijaya', 'Karyawan Swasta', 'Rina Santoso', 'TNI', '081656462974', 129, 'Aktif'),
('00812345435', 'Aisyah Sitorus', 'P', 'Malang', '2013-10-22', 'Jl. Sukarno Hatta No. 58, Malang', 'Joko Pratama', 'Pilot', 'Ani Firmansyah', 'Dokter', '081446449236', 280, 'Aktif'),
('00812345436', 'Ali Firmansyah', 'L', 'Malang', '2012-08-25', 'Jl. Sulfat No. 86, Malang', 'Fajar Hidayat', 'Polri', 'Siska Permana', 'Guru', '081894965481', 114, 'Aktif'),
('00812345437', 'Lestari Nasution', 'P', 'Malang', '2012-10-17', 'Jl. Sulfat No. 79, Malang', 'Slamet Purnomo', 'Wiraswasta', 'Wati Santoso', 'Wiraswasta', '081584206808', 108, 'Aktif'),
('00812345438', 'Dewi Siregar', 'P', 'Malang', '2011-08-20', 'Jl. Kawi No. 57, Malang', 'Zulkifli Permana', 'Pilot', 'Putri Sutrisno', 'Pedagang', '081155998202', 158, 'Aktif'),
('00812345439', 'Rizky Kusuma', 'L', 'Malang', '2013-08-23', 'Jl. Borobudur No. 46, Malang', 'Budi Susanto', 'Arsitek', 'Ani Susanto', 'Dosen', '081712778697', 293, 'Aktif'),
('00812345440', 'Hendra Lubis', 'L', 'Malang', '2013-08-10', 'Jl. Galunggung No. 30, Malang', 'Budi Pratama', 'Nelayan', 'Linda Raharjo', 'PNS', '081783705095', 149, 'Aktif');

-- FASE: tb_anggota_kelas
INSERT INTO tb_anggota_kelas (id_anggota, no_induk, id_kelas, id_tahun, poin_kelakuan, poin_kerajinan, poin_kerapian, total_poin_umum, status_sp_kelakuan, status_sp_kerajinan, status_sp_kerapian, status_sp_terakhir) VALUES
(2000, '00812345001', 8, 1, 0, 50, 75, 125, 'Aman', 'Aman', 'Aman', 'Aman'),
(2001, '00812345002', 6, 1, 0, 0, 0, 0, 'Aman', 'Aman', 'Aman', 'Aman'),
(2002, '00812345003', 9, 1, 0, 0, 0, 0, 'Aman', 'Aman', 'Aman', 'Aman'),
(2003, '00812345004', 8, 1, 0, 0, 0, 0, 'Aman', 'Aman', 'Aman', 'Aman'),
(2004, '00812345005', 8, 1, 0, 0, 0, 0, 'Aman', 'Aman', 'Aman', 'Aman'),
(2005, '00812345006', 9, 1, 0, 0, 0, 0, 'Aman', 'Aman', 'Aman', 'Aman'),
(2006, '00812345007', 7, 1, 500, 75, 100, 675, 'SP1', 'SP1', 'SP1', 'SP1'),
(2007, '00812345008', 8, 1, 0, 0, 0, 0, 'Aman', 'Aman', 'Aman', 'Aman'),
(2008, '00812345009', 7, 1, 0, 0, 0, 0, 'Aman', 'Aman', 'Aman', 'Aman'),
(2009, '00812345010', 8, 1, 0, 0, 0, 0, 'Aman', 'Aman', 'Aman', 'Aman'),
(2010, '00812345011', 8, 1, 0, 0, 0, 0, 'Aman', 'Aman', 'Aman', 'Aman'),
(2011, '00812345012', 7, 1, 0, 0, 0, 0, 'Aman', 'Aman', 'Aman', 'Aman'),
(2012, '00812345013', 10, 1, 0, 0, 0, 0, 'Aman', 'Aman', 'Aman', 'Aman'),
(2013, '00812345014', 9, 1, 0, 50, 0, 50, 'Aman', 'Aman', 'Aman', 'Aman'),
(2014, '00812345015', 10, 1, 0, 0, 0, 0, 'Aman', 'Aman', 'Aman', 'Aman'),
(2015, '00812345016', 7, 1, 0, 0, 0, 0, 'Aman', 'Aman', 'Aman', 'Aman'),
(2016, '00812345017', 6, 1, 0, 400, 0, 400, 'Aman', 'SP2', 'Aman', 'SP2'),
(2017, '00812345018', 8, 1, 0, 0, 0, 0, 'Aman', 'Aman', 'Aman', 'Aman'),
(2018, '00812345019', 9, 1, 0, 0, 0, 0, 'Aman', 'Aman', 'Aman', 'Aman'),
(2019, '00812345020', 6, 1, 0, 0, 0, 0, 'Aman', 'Aman', 'Aman', 'Aman'),
(2020, '00812345021', 9, 1, 0, 0, 0, 0, 'Aman', 'Aman', 'Aman', 'Aman'),
(2021, '00812345022', 6, 1, 300, 0, 0, 300, 'SP1', 'Aman', 'Aman', 'SP1'),
(2022, '00812345023', 8, 1, 0, 575, 0, 575, 'Aman', 'SP3', 'Aman', 'SP3'),
(2023, '00812345024', 6, 1, 0, 0, 0, 0, 'Aman', 'Aman', 'Aman', 'Aman'),
(2024, '00812345025', 6, 1, 0, 0, 0, 0, 'Aman', 'Aman', 'Aman', 'Aman'),
(2025, '00812345026', 10, 1, 0, 0, 0, 0, 'Aman', 'Aman', 'Aman', 'Aman'),
(2026, '00812345027', 9, 1, 0, 0, 0, 0, 'Aman', 'Aman', 'Aman', 'Aman'),
(2027, '00812345028', 9, 1, 0, 25, 0, 25, 'Aman', 'Aman', 'Aman', 'Aman'),
(2028, '00812345029', 6, 1, 0, 0, 0, 0, 'Aman', 'Aman', 'Aman', 'Aman'),
(2029, '00812345030', 7, 1, 0, 0, 0, 0, 'Aman', 'Aman', 'Aman', 'Aman'),
(2030, '00812345031', 8, 1, 0, 0, 0, 0, 'Aman', 'Aman', 'Aman', 'Aman'),
(2031, '00812345032', 10, 1, 0, 0, 100, 100, 'Aman', 'Aman', 'SP1', 'SP1'),
(2032, '00812345033', 6, 1, 0, 0, 0, 0, 'Aman', 'Aman', 'Aman', 'Aman'),
(2033, '00812345034', 8, 1, 0, 0, 0, 0, 'Aman', 'Aman', 'Aman', 'Aman'),
(2034, '00812345035', 7, 1, 0, 0, 0, 0, 'Aman', 'Aman', 'Aman', 'Aman'),
(2035, '00812345036', 8, 1, 1000, 625, 0, 1625, 'SP2', 'Sanksi oleh Sekolah', 'Aman', 'Sanksi oleh Sekolah'),
(2036, '00812345037', 10, 1, 0, 0, 0, 0, 'Aman', 'Aman', 'Aman', 'Aman'),
(2037, '00812345038', 6, 1, 0, 0, 0, 0, 'Aman', 'Aman', 'Aman', 'Aman'),
(2038, '00812345039', 9, 1, 0, 0, 0, 0, 'Aman', 'Aman', 'Aman', 'Aman'),
(2039, '00812345040', 10, 1, 0, 0, 0, 0, 'Aman', 'Aman', 'Aman', 'Aman'),
(2040, '00812345041', 6, 1, 0, 0, 0, 0, 'Aman', 'Aman', 'Aman', 'Aman'),
(2041, '00812345042', 10, 1, 0, 0, 0, 0, 'Aman', 'Aman', 'Aman', 'Aman'),
(2042, '00812345043', 9, 1, 0, 50, 0, 50, 'Aman', 'Aman', 'Aman', 'Aman'),
(2043, '00812345044', 9, 1, 0, 0, 0, 0, 'Aman', 'Aman', 'Aman', 'Aman'),
(2044, '00812345045', 6, 1, 0, 0, 0, 0, 'Aman', 'Aman', 'Aman', 'Aman'),
(2045, '00812345046', 6, 1, 0, 25, 0, 25, 'Aman', 'Aman', 'Aman', 'Aman'),
(2046, '00812345047', 8, 1, 0, 0, 0, 0, 'Aman', 'Aman', 'Aman', 'Aman'),
(2047, '00812345048', 10, 1, 0, 0, 0, 0, 'Aman', 'Aman', 'Aman', 'Aman'),
(2048, '00812345049', 10, 1, 0, 0, 0, 0, 'Aman', 'Aman', 'Aman', 'Aman'),
(2049, '00812345050', 8, 1, 0, 0, 0, 0, 'Aman', 'Aman', 'Aman', 'Aman'),
(2050, '00812345051', 6, 1, 0, 0, 0, 0, 'Aman', 'Aman', 'Aman', 'Aman'),
(2051, '00812345052', 7, 1, 0, 0, 0, 0, 'Aman', 'Aman', 'Aman', 'Aman'),
(2052, '00812345053', 9, 1, 0, 0, 0, 0, 'Aman', 'Aman', 'Aman', 'Aman'),
(2053, '00812345054', 10, 1, 0, 0, 0, 0, 'Aman', 'Aman', 'Aman', 'Aman'),
(2054, '00812345055', 7, 1, 0, 0, 0, 0, 'Aman', 'Aman', 'Aman', 'Aman'),
(2055, '00812345056', 6, 1, 0, 0, 0, 0, 'Aman', 'Aman', 'Aman', 'Aman'),
(2056, '00812345057', 8, 1, 0, 0, 0, 0, 'Aman', 'Aman', 'Aman', 'Aman'),
(2057, '00812345058', 8, 1, 0, 0, 0, 0, 'Aman', 'Aman', 'Aman', 'Aman'),
(2058, '00812345059', 7, 1, 0, 75, 150, 225, 'Aman', 'SP1', 'SP1', 'SP1'),
(2059, '00812345060', 9, 1, 0, 0, 0, 0, 'Aman', 'Aman', 'Aman', 'Aman'),
(2060, '00812345061', 10, 1, 0, 0, 0, 0, 'Aman', 'Aman', 'Aman', 'Aman'),
(2061, '00812345062', 9, 1, 0, 0, 0, 0, 'Aman', 'Aman', 'Aman', 'Aman'),
(2062, '00812345063', 6, 1, 0, 0, 0, 0, 'Aman', 'Aman', 'Aman', 'Aman'),
(2063, '00812345064', 9, 1, 0, 0, 0, 0, 'Aman', 'Aman', 'Aman', 'Aman'),
(2064, '00812345065', 9, 1, 0, 0, 0, 0, 'Aman', 'Aman', 'Aman', 'Aman'),
(2065, '00812345066', 8, 1, 0, 0, 0, 0, 'Aman', 'Aman', 'Aman', 'Aman'),
(2066, '00812345067', 10, 1, 0, 0, 0, 0, 'Aman', 'Aman', 'Aman', 'Aman'),
(2067, '00812345068', 6, 1, 0, 0, 0, 0, 'Aman', 'Aman', 'Aman', 'Aman'),
(2068, '00812345069', 8, 1, 0, 0, 0, 0, 'Aman', 'Aman', 'Aman', 'Aman'),
(2069, '00812345070', 8, 1, 0, 0, 0, 0, 'Aman', 'Aman', 'Aman', 'Aman'),
(2070, '00812345071', 7, 1, 0, 0, 0, 0, 'Aman', 'Aman', 'Aman', 'Aman'),
(2071, '00812345072', 6, 1, 0, 0, 0, 0, 'Aman', 'Aman', 'Aman', 'Aman'),
(2072, '00812345073', 6, 1, 0, 0, 0, 0, 'Aman', 'Aman', 'Aman', 'Aman'),
(2073, '00812345074', 7, 1, 0, 0, 100, 100, 'Aman', 'Aman', 'SP1', 'SP1'),
(2074, '00812345075', 6, 1, 0, 0, 0, 0, 'Aman', 'Aman', 'Aman', 'Aman'),
(2075, '00812345076', 7, 1, 0, 0, 0, 0, 'Aman', 'Aman', 'Aman', 'Aman'),
(2076, '00812345077', 8, 1, 0, 25, 0, 25, 'Aman', 'Aman', 'Aman', 'Aman'),
(2077, '00812345078', 9, 1, 0, 0, 0, 0, 'Aman', 'Aman', 'Aman', 'Aman'),
(2078, '00812345079', 9, 1, 0, 0, 0, 0, 'Aman', 'Aman', 'Aman', 'Aman'),
(2079, '00812345080', 8, 1, 0, 0, 0, 0, 'Aman', 'Aman', 'Aman', 'Aman'),
(2080, '00812345081', 6, 1, 0, 0, 0, 0, 'Aman', 'Aman', 'Aman', 'Aman'),
(2081, '00812345082', 10, 1, 0, 0, 0, 0, 'Aman', 'Aman', 'Aman', 'Aman'),
(2082, '00812345083', 10, 1, 0, 0, 0, 0, 'Aman', 'Aman', 'Aman', 'Aman'),
(2083, '00812345084', 6, 1, 0, 0, 50, 50, 'Aman', 'Aman', 'Aman', 'Aman'),
(2084, '00812345085', 7, 1, 0, 0, 0, 0, 'Aman', 'Aman', 'Aman', 'Aman'),
(2085, '00812345086', 7, 1, 0, 0, 0, 0, 'Aman', 'Aman', 'Aman', 'Aman'),
(2086, '00812345087', 7, 1, 0, 0, 0, 0, 'Aman', 'Aman', 'Aman', 'Aman'),
(2087, '00812345088', 7, 1, 0, 0, 0, 0, 'Aman', 'Aman', 'Aman', 'Aman'),
(2088, '00812345089', 6, 1, 0, 75, 0, 75, 'Aman', 'SP1', 'Aman', 'SP1'),
(2089, '00812345090', 9, 1, 0, 0, 0, 0, 'Aman', 'Aman', 'Aman', 'Aman'),
(2090, '00812345091', 7, 1, 0, 0, 0, 0, 'Aman', 'Aman', 'Aman', 'Aman'),
(2091, '00812345092', 8, 1, 0, 0, 0, 0, 'Aman', 'Aman', 'Aman', 'Aman'),
(2092, '00812345093', 7, 1, 0, 0, 0, 0, 'Aman', 'Aman', 'Aman', 'Aman'),
(2093, '00812345094', 9, 1, 0, 0, 0, 0, 'Aman', 'Aman', 'Aman', 'Aman'),
(2094, '00812345095', 10, 1, 0, 0, 100, 100, 'Aman', 'Aman', 'SP1', 'SP1'),
(2095, '00812345096', 10, 1, 0, 0, 0, 0, 'Aman', 'Aman', 'Aman', 'Aman'),
(2096, '00812345097', 10, 1, 0, 0, 0, 0, 'Aman', 'Aman', 'Aman', 'Aman'),
(2097, '00812345098', 9, 1, 0, 0, 0, 0, 'Aman', 'Aman', 'Aman', 'Aman'),
(2098, '00812345099', 7, 1, 0, 0, 0, 0, 'Aman', 'Aman', 'Aman', 'Aman'),
(2099, '00812345100', 10, 1, 0, 0, 0, 0, 'Aman', 'Aman', 'Aman', 'Aman'),
(2100, '00812345101', 8, 1, 0, 0, 0, 0, 'Aman', 'Aman', 'Aman', 'Aman'),
(2101, '00812345102', 7, 1, 0, 0, 0, 0, 'Aman', 'Aman', 'Aman', 'Aman'),
(2102, '00812345103', 8, 1, 0, 0, 0, 0, 'Aman', 'Aman', 'Aman', 'Aman'),
(2103, '00812345104', 8, 1, 300, 50, 50, 400, 'SP1', 'Aman', 'Aman', 'SP1'),
(2104, '00812345105', 9, 1, 0, 0, 0, 0, 'Aman', 'Aman', 'Aman', 'Aman'),
(2105, '00812345106', 6, 1, 0, 0, 0, 0, 'Aman', 'Aman', 'Aman', 'Aman'),
(2106, '00812345107', 10, 1, 0, 0, 0, 0, 'Aman', 'Aman', 'Aman', 'Aman'),
(2107, '00812345108', 8, 1, 0, 25, 0, 25, 'Aman', 'Aman', 'Aman', 'Aman'),
(2108, '00812345109', 8, 1, 0, 0, 0, 0, 'Aman', 'Aman', 'Aman', 'Aman'),
(2109, '00812345110', 6, 1, 0, 0, 0, 0, 'Aman', 'Aman', 'Aman', 'Aman'),
(2110, '00812345111', 2, 1, 0, 0, 0, 0, 'Aman', 'Aman', 'Aman', 'Aman'),
(2111, '00812345112', 4, 1, 0, 0, 0, 0, 'Aman', 'Aman', 'Aman', 'Aman'),
(2112, '00812345113', 1, 1, 0, 0, 0, 0, 'Aman', 'Aman', 'Aman', 'Aman'),
(2113, '00812345114', 1, 1, 0, 0, 0, 0, 'Aman', 'Aman', 'Aman', 'Aman'),
(2114, '00812345115', 2, 1, 0, 0, 0, 0, 'Aman', 'Aman', 'Aman', 'Aman'),
(2115, '00812345116', 1, 1, 0, 0, 0, 0, 'Aman', 'Aman', 'Aman', 'Aman'),
(2116, '00812345117', 3, 1, 0, 0, 0, 0, 'Aman', 'Aman', 'Aman', 'Aman'),
(2117, '00812345118', 2, 1, 0, 0, 0, 0, 'Aman', 'Aman', 'Aman', 'Aman'),
(2118, '00812345119', 1, 1, 0, 0, 0, 0, 'Aman', 'Aman', 'Aman', 'Aman'),
(2119, '00812345120', 2, 1, 0, 0, 0, 0, 'Aman', 'Aman', 'Aman', 'Aman'),
(2120, '00812345121', 2, 1, 0, 0, 0, 0, 'Aman', 'Aman', 'Aman', 'Aman'),
(2121, '00812345122', 5, 1, 0, 0, 50, 50, 'Aman', 'Aman', 'Aman', 'Aman'),
(2122, '00812345123', 2, 1, 0, 0, 0, 0, 'Aman', 'Aman', 'Aman', 'Aman'),
(2123, '00812345124', 5, 1, 0, 0, 0, 0, 'Aman', 'Aman', 'Aman', 'Aman'),
(2124, '00812345125', 3, 1, 0, 0, 0, 0, 'Aman', 'Aman', 'Aman', 'Aman'),
(2125, '00812345126', 1, 1, 0, 0, 0, 0, 'Aman', 'Aman', 'Aman', 'Aman'),
(2126, '00812345127', 4, 1, 0, 0, 0, 0, 'Aman', 'Aman', 'Aman', 'Aman'),
(2127, '00812345128', 2, 1, 0, 0, 0, 0, 'Aman', 'Aman', 'Aman', 'Aman'),
(2128, '00812345129', 5, 1, 0, 0, 0, 0, 'Aman', 'Aman', 'Aman', 'Aman'),
(2129, '00812345130', 4, 1, 0, 0, 0, 0, 'Aman', 'Aman', 'Aman', 'Aman'),
(2130, '00812345131', 2, 1, 0, 25, 0, 25, 'Aman', 'Aman', 'Aman', 'Aman'),
(2131, '00812345132', 4, 1, 0, 0, 0, 0, 'Aman', 'Aman', 'Aman', 'Aman'),
(2132, '00812345133', 3, 1, 0, 0, 0, 0, 'Aman', 'Aman', 'Aman', 'Aman'),
(2133, '00812345134', 5, 1, 0, 0, 0, 0, 'Aman', 'Aman', 'Aman', 'Aman'),
(2134, '00812345135', 2, 1, 0, 0, 0, 0, 'Aman', 'Aman', 'Aman', 'Aman'),
(2135, '00812345136', 4, 1, 0, 0, 0, 0, 'Aman', 'Aman', 'Aman', 'Aman'),
(2136, '00812345137', 1, 1, 0, 0, 0, 0, 'Aman', 'Aman', 'Aman', 'Aman'),
(2137, '00812345138', 2, 1, 0, 0, 0, 0, 'Aman', 'Aman', 'Aman', 'Aman'),
(2138, '00812345139', 3, 1, 0, 0, 50, 50, 'Aman', 'Aman', 'Aman', 'Aman'),
(2139, '00812345140', 4, 1, 0, 0, 0, 0, 'Aman', 'Aman', 'Aman', 'Aman'),
(2140, '00812345141', 2, 1, 0, 0, 0, 0, 'Aman', 'Aman', 'Aman', 'Aman'),
(2141, '00812345142', 2, 1, 0, 0, 0, 0, 'Aman', 'Aman', 'Aman', 'Aman'),
(2142, '00812345143', 5, 1, 0, 0, 0, 0, 'Aman', 'Aman', 'Aman', 'Aman'),
(2143, '00812345144', 1, 1, 0, 0, 0, 0, 'Aman', 'Aman', 'Aman', 'Aman'),
(2144, '00812345145', 2, 1, 0, 0, 0, 0, 'Aman', 'Aman', 'Aman', 'Aman'),
(2145, '00812345146', 4, 1, 0, 0, 0, 0, 'Aman', 'Aman', 'Aman', 'Aman'),
(2146, '00812345147', 4, 1, 0, 0, 0, 0, 'Aman', 'Aman', 'Aman', 'Aman'),
(2147, '00812345148', 1, 1, 0, 0, 0, 0, 'Aman', 'Aman', 'Aman', 'Aman'),
(2148, '00812345149', 5, 1, 0, 50, 0, 50, 'Aman', 'Aman', 'Aman', 'Aman'),
(2149, '00812345150', 5, 1, 0, 0, 0, 0, 'Aman', 'Aman', 'Aman', 'Aman'),
(2150, '00812345151', 5, 1, 0, 0, 0, 0, 'Aman', 'Aman', 'Aman', 'Aman'),
(2151, '00812345152', 5, 1, 0, 0, 0, 0, 'Aman', 'Aman', 'Aman', 'Aman'),
(2152, '00812345153', 5, 1, 0, 0, 0, 0, 'Aman', 'Aman', 'Aman', 'Aman'),
(2153, '00812345154', 2, 1, 0, 0, 0, 0, 'Aman', 'Aman', 'Aman', 'Aman'),
(2154, '00812345155', 2, 1, 0, 0, 0, 0, 'Aman', 'Aman', 'Aman', 'Aman'),
(2155, '00812345156', 1, 1, 0, 0, 0, 0, 'Aman', 'Aman', 'Aman', 'Aman'),
(2156, '00812345157', 2, 1, 0, 0, 0, 0, 'Aman', 'Aman', 'Aman', 'Aman'),
(2157, '00812345158', 5, 1, 0, 0, 0, 0, 'Aman', 'Aman', 'Aman', 'Aman'),
(2158, '00812345159', 2, 1, 0, 0, 0, 0, 'Aman', 'Aman', 'Aman', 'Aman'),
(2159, '00812345160', 4, 1, 0, 0, 0, 0, 'Aman', 'Aman', 'Aman', 'Aman'),
(2160, '00812345161', 2, 1, 0, 0, 0, 0, 'Aman', 'Aman', 'Aman', 'Aman'),
(2161, '00812345162', 4, 1, 0, 0, 0, 0, 'Aman', 'Aman', 'Aman', 'Aman'),
(2162, '00812345163', 3, 1, 0, 0, 0, 0, 'Aman', 'Aman', 'Aman', 'Aman'),
(2163, '00812345164', 5, 1, 0, 0, 0, 0, 'Aman', 'Aman', 'Aman', 'Aman'),
(2164, '00812345165', 1, 1, 0, 0, 0, 0, 'Aman', 'Aman', 'Aman', 'Aman'),
(2165, '00812345166', 2, 1, 0, 0, 0, 0, 'Aman', 'Aman', 'Aman', 'Aman'),
(2166, '00812345167', 1, 1, 0, 0, 0, 0, 'Aman', 'Aman', 'Aman', 'Aman'),
(2167, '00812345168', 2, 1, 0, 300, 50, 350, 'Aman', 'SP2', 'Aman', 'SP2'),
(2168, '00812345169', 3, 1, 0, 0, 0, 0, 'Aman', 'Aman', 'Aman', 'Aman'),
(2169, '00812345170', 5, 1, 0, 0, 0, 0, 'Aman', 'Aman', 'Aman', 'Aman'),
(2170, '00812345171', 1, 1, 0, 0, 0, 0, 'Aman', 'Aman', 'Aman', 'Aman'),
(2171, '00812345172', 3, 1, 0, 0, 0, 0, 'Aman', 'Aman', 'Aman', 'Aman'),
(2172, '00812345173', 2, 1, 0, 0, 0, 0, 'Aman', 'Aman', 'Aman', 'Aman'),
(2173, '00812345174', 4, 1, 0, 0, 0, 0, 'Aman', 'Aman', 'Aman', 'Aman'),
(2174, '00812345175', 5, 1, 0, 0, 0, 0, 'Aman', 'Aman', 'Aman', 'Aman'),
(2175, '00812345176', 4, 1, 0, 0, 0, 0, 'Aman', 'Aman', 'Aman', 'Aman'),
(2176, '00812345177', 1, 1, 0, 0, 0, 0, 'Aman', 'Aman', 'Aman', 'Aman'),
(2177, '00812345178', 3, 1, 0, 0, 50, 50, 'Aman', 'Aman', 'Aman', 'Aman'),
(2178, '00812345179', 2, 1, 0, 0, 0, 0, 'Aman', 'Aman', 'Aman', 'Aman'),
(2179, '00812345180', 4, 1, 0, 0, 0, 0, 'Aman', 'Aman', 'Aman', 'Aman'),
(2180, '00812345181', 3, 1, 0, 0, 0, 0, 'Aman', 'Aman', 'Aman', 'Aman'),
(2181, '00812345182', 5, 1, 0, 0, 0, 0, 'Aman', 'Aman', 'Aman', 'Aman'),
(2182, '00812345183', 3, 1, 0, 0, 0, 0, 'Aman', 'Aman', 'Aman', 'Aman'),
(2183, '00812345184', 2, 1, 0, 0, 0, 0, 'Aman', 'Aman', 'Aman', 'Aman'),
(2184, '00812345185', 2, 1, 0, 0, 0, 0, 'Aman', 'Aman', 'Aman', 'Aman'),
(2185, '00812345186', 4, 1, 0, 0, 0, 0, 'Aman', 'Aman', 'Aman', 'Aman'),
(2186, '00812345187', 4, 1, 0, 0, 0, 0, 'Aman', 'Aman', 'Aman', 'Aman'),
(2187, '00812345188', 4, 1, 0, 0, 0, 0, 'Aman', 'Aman', 'Aman', 'Aman'),
(2188, '00812345189', 5, 1, 0, 0, 0, 0, 'Aman', 'Aman', 'Aman', 'Aman'),
(2189, '00812345190', 3, 1, 0, 0, 0, 0, 'Aman', 'Aman', 'Aman', 'Aman'),
(2190, '00812345191', 2, 1, 0, 0, 0, 0, 'Aman', 'Aman', 'Aman', 'Aman'),
(2191, '00812345192', 2, 1, 0, 0, 0, 0, 'Aman', 'Aman', 'Aman', 'Aman'),
(2192, '00812345193', 5, 1, 0, 0, 0, 0, 'Aman', 'Aman', 'Aman', 'Aman'),
(2193, '00812345194', 2, 1, 0, 0, 0, 0, 'Aman', 'Aman', 'Aman', 'Aman'),
(2194, '00812345195', 2, 1, 0, 0, 0, 0, 'Aman', 'Aman', 'Aman', 'Aman'),
(2195, '00812345196', 5, 1, 600, 0, 50, 650, 'SP1', 'Aman', 'Aman', 'SP1'),
(2196, '00812345197', 5, 1, 0, 0, 0, 0, 'Aman', 'Aman', 'Aman', 'Aman'),
(2197, '00812345198', 2, 1, 0, 0, 0, 0, 'Aman', 'Aman', 'Aman', 'Aman'),
(2198, '00812345199', 2, 1, 0, 0, 0, 0, 'Aman', 'Aman', 'Aman', 'Aman'),
(2199, '00812345200', 3, 1, 0, 0, 0, 0, 'Aman', 'Aman', 'Aman', 'Aman'),
(2200, '00812345201', 1, 1, 0, 0, 0, 0, 'Aman', 'Aman', 'Aman', 'Aman'),
(2201, '00812345202', 5, 1, 0, 0, 0, 0, 'Aman', 'Aman', 'Aman', 'Aman'),
(2202, '00812345203', 3, 1, 0, 0, 100, 100, 'Aman', 'Aman', 'SP1', 'SP1'),
(2203, '00812345204', 4, 1, 0, 0, 0, 0, 'Aman', 'Aman', 'Aman', 'Aman'),
(2204, '00812345205', 4, 1, 0, 0, 0, 0, 'Aman', 'Aman', 'Aman', 'Aman'),
(2205, '00812345206', 3, 1, 0, 50, 50, 100, 'Aman', 'Aman', 'Aman', 'Aman'),
(2206, '00812345207', 4, 1, 0, 0, 0, 0, 'Aman', 'Aman', 'Aman', 'Aman'),
(2207, '00812345208', 1, 1, 0, 0, 0, 0, 'Aman', 'Aman', 'Aman', 'Aman'),
(2208, '00812345209', 2, 1, 0, 0, 0, 0, 'Aman', 'Aman', 'Aman', 'Aman'),
(2209, '00812345210', 2, 1, 0, 0, 0, 0, 'Aman', 'Aman', 'Aman', 'Aman'),
(2210, '00812345211', 1, 1, 0, 0, 0, 0, 'Aman', 'Aman', 'Aman', 'Aman'),
(2211, '00812345212', 3, 1, 0, 0, 0, 0, 'Aman', 'Aman', 'Aman', 'Aman'),
(2212, '00812345213', 3, 1, 0, 0, 0, 0, 'Aman', 'Aman', 'Aman', 'Aman'),
(2213, '00812345214', 1, 1, 0, 0, 0, 0, 'Aman', 'Aman', 'Aman', 'Aman'),
(2214, '00812345215', 2, 1, 0, 75, 0, 75, 'Aman', 'SP1', 'Aman', 'SP1'),
(2215, '00812345216', 4, 1, 0, 0, 0, 0, 'Aman', 'Aman', 'Aman', 'Aman'),
(2216, '00812345217', 5, 1, 0, 0, 0, 0, 'Aman', 'Aman', 'Aman', 'Aman'),
(2217, '00812345218', 3, 1, 0, 0, 0, 0, 'Aman', 'Aman', 'Aman', 'Aman'),
(2218, '00812345219', 1, 1, 0, 0, 0, 0, 'Aman', 'Aman', 'Aman', 'Aman'),
(2219, '00812345220', 5, 1, 0, 0, 0, 0, 'Aman', 'Aman', 'Aman', 'Aman'),
(2220, '00812345001', 15, 2, 0, 0, 0, 0, 'Aman', 'Aman', 'Aman', 'Aman'),
(2221, '00812345002', 15, 2, 0, 75, 0, 75, 'Aman', 'SP1', 'Aman', 'SP1'),
(2222, '00812345003', 11, 2, 0, 0, 0, 0, 'Aman', 'Aman', 'Aman', 'Aman'),
(2223, '00812345004', 14, 2, 0, 0, 0, 0, 'Aman', 'Aman', 'Aman', 'Aman'),
(2224, '00812345005', 13, 2, 0, 0, 0, 0, 'Aman', 'Aman', 'Aman', 'Aman'),
(2225, '00812345006', 14, 2, 0, 0, 0, 0, 'Aman', 'Aman', 'Aman', 'Aman'),
(2226, '00812345007', 14, 2, 0, 0, 0, 0, 'Aman', 'Aman', 'Aman', 'Aman'),
(2227, '00812345008', 14, 2, 0, 0, 0, 0, 'Aman', 'Aman', 'Aman', 'Aman'),
(2228, '00812345009', 14, 2, 0, 0, 0, 0, 'Aman', 'Aman', 'Aman', 'Aman'),
(2229, '00812345010', 14, 2, 0, 0, 0, 0, 'Aman', 'Aman', 'Aman', 'Aman'),
(2230, '00812345011', 15, 2, 0, 0, 0, 0, 'Aman', 'Aman', 'Aman', 'Aman'),
(2231, '00812345012', 15, 2, 0, 0, 0, 0, 'Aman', 'Aman', 'Aman', 'Aman'),
(2232, '00812345013', 12, 2, 0, 0, 0, 0, 'Aman', 'Aman', 'Aman', 'Aman'),
(2233, '00812345014', 15, 2, 0, 0, 0, 0, 'Aman', 'Aman', 'Aman', 'Aman'),
(2234, '00812345015', 11, 2, 0, 100, 75, 175, 'Aman', 'SP1', 'Aman', 'SP1'),
(2235, '00812345016', 12, 2, 0, 0, 0, 0, 'Aman', 'Aman', 'Aman', 'Aman'),
(2236, '00812345017', 14, 2, 0, 0, 0, 0, 'Aman', 'Aman', 'Aman', 'Aman'),
(2237, '00812345018', 15, 2, 0, 0, 0, 0, 'Aman', 'Aman', 'Aman', 'Aman'),
(2238, '00812345019', 15, 2, 0, 0, 0, 0, 'Aman', 'Aman', 'Aman', 'Aman'),
(2239, '00812345020', 13, 2, 0, 0, 0, 0, 'Aman', 'Aman', 'Aman', 'Aman'),
(2240, '00812345021', 12, 2, 9999, 0, 0, 9999, 'Sanksi oleh Sekolah', 'Aman', 'Aman', 'Sanksi oleh Sekolah'),
(2241, '00812345022', 11, 2, 0, 0, 0, 0, 'Aman', 'Aman', 'Aman', 'Aman'),
(2242, '00812345023', 12, 2, 0, 0, 0, 0, 'Aman', 'Aman', 'Aman', 'Aman'),
(2243, '00812345024', 11, 2, 0, 75, 0, 75, 'Aman', 'SP1', 'Aman', 'SP1'),
(2244, '00812345025', 12, 2, 0, 0, 0, 0, 'Aman', 'Aman', 'Aman', 'Aman'),
(2245, '00812345026', 13, 2, 0, 0, 0, 0, 'Aman', 'Aman', 'Aman', 'Aman'),
(2246, '00812345027', 13, 2, 0, 0, 0, 0, 'Aman', 'Aman', 'Aman', 'Aman'),
(2247, '00812345028', 14, 2, 0, 0, 0, 0, 'Aman', 'Aman', 'Aman', 'Aman'),
(2248, '00812345029', 11, 2, 0, 0, 0, 0, 'Aman', 'Aman', 'Aman', 'Aman'),
(2249, '00812345030', 13, 2, 0, 0, 0, 0, 'Aman', 'Aman', 'Aman', 'Aman'),
(2250, '00812345031', 12, 2, 0, 0, 0, 0, 'Aman', 'Aman', 'Aman', 'Aman'),
(2251, '00812345032', 11, 2, 0, 0, 0, 0, 'Aman', 'Aman', 'Aman', 'Aman'),
(2252, '00812345033', 14, 2, 0, 0, 0, 0, 'Aman', 'Aman', 'Aman', 'Aman'),
(2253, '00812345034', 12, 2, 0, 0, 0, 0, 'Aman', 'Aman', 'Aman', 'Aman'),
(2254, '00812345035', 12, 2, 0, 0, 0, 0, 'Aman', 'Aman', 'Aman', 'Aman'),
(2255, '00812345036', 13, 2, 0, 0, 0, 0, 'Aman', 'Aman', 'Aman', 'Aman'),
(2256, '00812345037', 13, 2, 0, 0, 0, 0, 'Aman', 'Aman', 'Aman', 'Aman'),
(2257, '00812345038', 13, 2, 0, 0, 0, 0, 'Aman', 'Aman', 'Aman', 'Aman'),
(2258, '00812345039', 14, 2, 0, 0, 0, 0, 'Aman', 'Aman', 'Aman', 'Aman'),
(2259, '00812345040', 11, 2, 0, 300, 0, 300, 'Aman', 'SP2', 'Aman', 'SP2'),
(2260, '00812345041', 13, 2, 0, 0, 0, 0, 'Aman', 'Aman', 'Aman', 'Aman'),
(2261, '00812345042', 14, 2, 0, 0, 0, 0, 'Aman', 'Aman', 'Aman', 'Aman'),
(2262, '00812345043', 13, 2, 0, 0, 0, 0, 'Aman', 'Aman', 'Aman', 'Aman'),
(2263, '00812345044', 14, 2, 0, 0, 0, 0, 'Aman', 'Aman', 'Aman', 'Aman'),
(2264, '00812345045', 14, 2, 0, 0, 0, 0, 'Aman', 'Aman', 'Aman', 'Aman'),
(2265, '00812345046', 12, 2, 0, 0, 0, 0, 'Aman', 'Aman', 'Aman', 'Aman'),
(2266, '00812345047', 11, 2, 500, 50, 0, 550, 'SP1', 'Aman', 'Aman', 'SP1'),
(2267, '00812345048', 14, 2, 300, 0, 0, 300, 'SP1', 'Aman', 'Aman', 'SP1'),
(2268, '00812345049', 11, 2, 0, 0, 0, 0, 'Aman', 'Aman', 'Aman', 'Aman'),
(2269, '00812345050', 13, 2, 0, 0, 0, 0, 'Aman', 'Aman', 'Aman', 'Aman'),
(2270, '00812345051', 15, 2, 0, 0, 0, 0, 'Aman', 'Aman', 'Aman', 'Aman'),
(2271, '00812345052', 11, 2, 0, 0, 0, 0, 'Aman', 'Aman', 'Aman', 'Aman'),
(2272, '00812345053', 13, 2, 0, 0, 50, 50, 'Aman', 'Aman', 'Aman', 'Aman'),
(2273, '00812345054', 12, 2, 0, 0, 0, 0, 'Aman', 'Aman', 'Aman', 'Aman'),
(2274, '00812345055', 13, 2, 0, 125, 0, 125, 'Aman', 'SP1', 'Aman', 'SP1'),
(2275, '00812345056', 13, 2, 0, 0, 0, 0, 'Aman', 'Aman', 'Aman', 'Aman'),
(2276, '00812345057', 14, 2, 0, 0, 0, 0, 'Aman', 'Aman', 'Aman', 'Aman'),
(2277, '00812345058', 11, 2, 0, 0, 0, 0, 'Aman', 'Aman', 'Aman', 'Aman'),
(2278, '00812345059', 13, 2, 0, 0, 0, 0, 'Aman', 'Aman', 'Aman', 'Aman'),
(2279, '00812345060', 13, 2, 0, 0, 0, 0, 'Aman', 'Aman', 'Aman', 'Aman'),
(2280, '00812345061', 12, 2, 0, 0, 0, 0, 'Aman', 'Aman', 'Aman', 'Aman'),
(2281, '00812345062', 14, 2, 0, 175, 0, 175, 'Aman', 'SP1', 'Aman', 'SP1'),
(2282, '00812345063', 12, 2, 300, 0, 0, 300, 'SP1', 'Aman', 'Aman', 'SP1'),
(2283, '00812345064', 13, 2, 0, 0, 0, 0, 'Aman', 'Aman', 'Aman', 'Aman'),
(2284, '00812345065', 11, 2, 0, 0, 0, 0, 'Aman', 'Aman', 'Aman', 'Aman'),
(2285, '00812345066', 14, 2, 0, 0, 0, 0, 'Aman', 'Aman', 'Aman', 'Aman'),
(2286, '00812345067', 14, 2, 0, 0, 0, 0, 'Aman', 'Aman', 'Aman', 'Aman'),
(2287, '00812345068', 15, 2, 0, 0, 0, 0, 'Aman', 'Aman', 'Aman', 'Aman'),
(2288, '00812345069', 11, 2, 0, 0, 0, 0, 'Aman', 'Aman', 'Aman', 'Aman'),
(2289, '00812345070', 14, 2, 0, 0, 0, 0, 'Aman', 'Aman', 'Aman', 'Aman'),
(2290, '00812345071', 15, 2, 50, 0, 0, 50, 'Aman', 'Aman', 'Aman', 'Aman'),
(2291, '00812345072', 14, 2, 0, 0, 0, 0, 'Aman', 'Aman', 'Aman', 'Aman'),
(2292, '00812345073', 11, 2, 0, 0, 0, 0, 'Aman', 'Aman', 'Aman', 'Aman'),
(2293, '00812345074', 11, 2, 0, 0, 0, 0, 'Aman', 'Aman', 'Aman', 'Aman'),
(2294, '00812345075', 13, 2, 0, 0, 0, 0, 'Aman', 'Aman', 'Aman', 'Aman'),
(2295, '00812345076', 11, 2, 0, 50, 0, 50, 'Aman', 'Aman', 'Aman', 'Aman'),
(2296, '00812345077', 15, 2, 0, 0, 0, 0, 'Aman', 'Aman', 'Aman', 'Aman'),
(2297, '00812345078', 12, 2, 0, 0, 0, 0, 'Aman', 'Aman', 'Aman', 'Aman'),
(2298, '00812345079', 12, 2, 0, 0, 0, 0, 'Aman', 'Aman', 'Aman', 'Aman'),
(2299, '00812345080', 11, 2, 0, 0, 0, 0, 'Aman', 'Aman', 'Aman', 'Aman'),
(2300, '00812345081', 15, 2, 0, 0, 0, 0, 'Aman', 'Aman', 'Aman', 'Aman'),
(2301, '00812345082', 13, 2, 0, 0, 0, 0, 'Aman', 'Aman', 'Aman', 'Aman'),
(2302, '00812345083', 13, 2, 0, 0, 0, 0, 'Aman', 'Aman', 'Aman', 'Aman'),
(2303, '00812345084', 13, 2, 0, 0, 0, 0, 'Aman', 'Aman', 'Aman', 'Aman'),
(2304, '00812345085', 12, 2, 0, 0, 0, 0, 'Aman', 'Aman', 'Aman', 'Aman'),
(2305, '00812345086', 15, 2, 0, 0, 0, 0, 'Aman', 'Aman', 'Aman', 'Aman'),
(2306, '00812345087', 12, 2, 0, 100, 0, 100, 'Aman', 'SP1', 'Aman', 'SP1'),
(2307, '00812345088', 14, 2, 0, 0, 0, 0, 'Aman', 'Aman', 'Aman', 'Aman'),
(2308, '00812345089', 15, 2, 0, 0, 0, 0, 'Aman', 'Aman', 'Aman', 'Aman'),
(2309, '00812345090', 12, 2, 0, 0, 50, 50, 'Aman', 'Aman', 'Aman', 'Aman'),
(2310, '00812345091', 15, 2, 0, 0, 0, 0, 'Aman', 'Aman', 'Aman', 'Aman'),
(2311, '00812345092', 15, 2, 0, 0, 0, 0, 'Aman', 'Aman', 'Aman', 'Aman'),
(2312, '00812345093', 11, 2, 0, 0, 0, 0, 'Aman', 'Aman', 'Aman', 'Aman'),
(2313, '00812345094', 14, 2, 0, 75, 0, 75, 'Aman', 'SP1', 'Aman', 'SP1'),
(2314, '00812345095', 14, 2, 0, 0, 0, 0, 'Aman', 'Aman', 'Aman', 'Aman'),
(2315, '00812345096', 12, 2, 0, 0, 0, 0, 'Aman', 'Aman', 'Aman', 'Aman'),
(2316, '00812345097', 13, 2, 0, 0, 0, 0, 'Aman', 'Aman', 'Aman', 'Aman'),
(2317, '00812345098', 14, 2, 0, 0, 0, 0, 'Aman', 'Aman', 'Aman', 'Aman'),
(2318, '00812345099', 12, 2, 150, 0, 0, 150, 'Aman', 'Aman', 'Aman', 'Aman'),
(2319, '00812345100', 13, 2, 0, 0, 0, 0, 'Aman', 'Aman', 'Aman', 'Aman'),
(2320, '00812345101', 13, 2, 0, 0, 0, 0, 'Aman', 'Aman', 'Aman', 'Aman'),
(2321, '00812345102', 11, 2, 9999, 0, 0, 9999, 'Sanksi oleh Sekolah', 'Aman', 'Aman', 'Sanksi oleh Sekolah'),
(2322, '00812345103', 13, 2, 0, 0, 0, 0, 'Aman', 'Aman', 'Aman', 'Aman'),
(2323, '00812345104', 13, 2, 0, 0, 0, 0, 'Aman', 'Aman', 'Aman', 'Aman'),
(2324, '00812345105', 15, 2, 0, 0, 0, 0, 'Aman', 'Aman', 'Aman', 'Aman'),
(2325, '00812345106', 12, 2, 0, 0, 0, 0, 'Aman', 'Aman', 'Aman', 'Aman'),
(2326, '00812345107', 13, 2, 0, 0, 0, 0, 'Aman', 'Aman', 'Aman', 'Aman'),
(2327, '00812345108', 14, 2, 0, 0, 0, 0, 'Aman', 'Aman', 'Aman', 'Aman'),
(2328, '00812345109', 11, 2, 0, 0, 0, 0, 'Aman', 'Aman', 'Aman', 'Aman'),
(2329, '00812345110', 14, 2, 0, 0, 0, 0, 'Aman', 'Aman', 'Aman', 'Aman'),
(2330, '00812345111', 9, 2, 0, 0, 0, 0, 'Aman', 'Aman', 'Aman', 'Aman'),
(2331, '00812345112', 7, 2, 0, 0, 0, 0, 'Aman', 'Aman', 'Aman', 'Aman'),
(2332, '00812345113', 9, 2, 0, 0, 0, 0, 'Aman', 'Aman', 'Aman', 'Aman'),
(2333, '00812345114', 9, 2, 0, 0, 0, 0, 'Aman', 'Aman', 'Aman', 'Aman'),
(2334, '00812345115', 10, 2, 0, 0, 0, 0, 'Aman', 'Aman', 'Aman', 'Aman'),
(2335, '00812345116', 10, 2, 0, 0, 0, 0, 'Aman', 'Aman', 'Aman', 'Aman'),
(2336, '00812345117', 10, 2, 0, 0, 0, 0, 'Aman', 'Aman', 'Aman', 'Aman'),
(2337, '00812345118', 10, 2, 0, 0, 0, 0, 'Aman', 'Aman', 'Aman', 'Aman'),
(2338, '00812345119', 8, 2, 0, 0, 0, 0, 'Aman', 'Aman', 'Aman', 'Aman'),
(2339, '00812345120', 7, 2, 0, 0, 0, 0, 'Aman', 'Aman', 'Aman', 'Aman'),
(2340, '00812345121', 9, 2, 300, 50, 0, 350, 'SP1', 'Aman', 'Aman', 'SP1'),
(2341, '00812345122', 9, 2, 0, 0, 0, 0, 'Aman', 'Aman', 'Aman', 'Aman'),
(2342, '00812345123', 7, 2, 0, 0, 0, 0, 'Aman', 'Aman', 'Aman', 'Aman'),
(2343, '00812345124', 10, 2, 0, 0, 0, 0, 'Aman', 'Aman', 'Aman', 'Aman'),
(2344, '00812345125', 6, 2, 0, 0, 0, 0, 'Aman', 'Aman', 'Aman', 'Aman'),
(2345, '00812345126', 10, 2, 0, 0, 100, 100, 'Aman', 'Aman', 'SP1', 'SP1'),
(2346, '00812345127', 7, 2, 0, 50, 50, 100, 'Aman', 'Aman', 'Aman', 'Aman'),
(2347, '00812345128', 9, 2, 0, 0, 0, 0, 'Aman', 'Aman', 'Aman', 'Aman'),
(2348, '00812345129', 10, 2, 0, 0, 0, 0, 'Aman', 'Aman', 'Aman', 'Aman'),
(2349, '00812345130', 10, 2, 0, 0, 0, 0, 'Aman', 'Aman', 'Aman', 'Aman'),
(2350, '00812345131', 9, 2, 0, 0, 0, 0, 'Aman', 'Aman', 'Aman', 'Aman'),
(2351, '00812345132', 9, 2, 0, 0, 0, 0, 'Aman', 'Aman', 'Aman', 'Aman'),
(2352, '00812345133', 9, 2, 0, 0, 0, 0, 'Aman', 'Aman', 'Aman', 'Aman'),
(2353, '00812345134', 6, 2, 0, 75, 0, 75, 'Aman', 'SP1', 'Aman', 'SP1'),
(2354, '00812345135', 6, 2, 0, 0, 0, 0, 'Aman', 'Aman', 'Aman', 'Aman'),
(2355, '00812345136', 6, 2, 0, 0, 0, 0, 'Aman', 'Aman', 'Aman', 'Aman'),
(2356, '00812345137', 8, 2, 0, 0, 0, 0, 'Aman', 'Aman', 'Aman', 'Aman'),
(2357, '00812345138', 6, 2, 0, 0, 0, 0, 'Aman', 'Aman', 'Aman', 'Aman'),
(2358, '00812345139', 6, 2, 0, 0, 0, 0, 'Aman', 'Aman', 'Aman', 'Aman'),
(2359, '00812345140', 7, 2, 0, 0, 0, 0, 'Aman', 'Aman', 'Aman', 'Aman'),
(2360, '00812345141', 8, 2, 0, 0, 0, 0, 'Aman', 'Aman', 'Aman', 'Aman'),
(2361, '00812345142', 9, 2, 0, 0, 0, 0, 'Aman', 'Aman', 'Aman', 'Aman'),
(2362, '00812345143', 8, 2, 0, 0, 0, 0, 'Aman', 'Aman', 'Aman', 'Aman'),
(2363, '00812345144', 9, 2, 0, 0, 0, 0, 'Aman', 'Aman', 'Aman', 'Aman'),
(2364, '00812345145', 10, 2, 0, 0, 0, 0, 'Aman', 'Aman', 'Aman', 'Aman'),
(2365, '00812345146', 9, 2, 0, 0, 0, 0, 'Aman', 'Aman', 'Aman', 'Aman'),
(2366, '00812345147', 7, 2, 0, 0, 0, 0, 'Aman', 'Aman', 'Aman', 'Aman'),
(2367, '00812345148', 9, 2, 0, 0, 50, 50, 'Aman', 'Aman', 'Aman', 'Aman'),
(2368, '00812345149', 10, 2, 0, 0, 0, 0, 'Aman', 'Aman', 'Aman', 'Aman'),
(2369, '00812345150', 10, 2, 0, 0, 0, 0, 'Aman', 'Aman', 'Aman', 'Aman'),
(2370, '00812345151', 8, 2, 0, 0, 0, 0, 'Aman', 'Aman', 'Aman', 'Aman'),
(2371, '00812345152', 9, 2, 0, 100, 0, 100, 'Aman', 'SP1', 'Aman', 'SP1'),
(2372, '00812345153', 9, 2, 0, 0, 0, 0, 'Aman', 'Aman', 'Aman', 'Aman'),
(2373, '00812345154', 9, 2, 0, 0, 0, 0, 'Aman', 'Aman', 'Aman', 'Aman'),
(2374, '00812345155', 9, 2, 0, 0, 0, 0, 'Aman', 'Aman', 'Aman', 'Aman'),
(2375, '00812345156', 7, 2, 0, 50, 0, 50, 'Aman', 'Aman', 'Aman', 'Aman'),
(2376, '00812345157', 7, 2, 125, 0, 0, 125, 'Aman', 'Aman', 'Aman', 'Aman'),
(2377, '00812345158', 6, 2, 0, 0, 0, 0, 'Aman', 'Aman', 'Aman', 'Aman'),
(2378, '00812345159', 9, 2, 0, 0, 0, 0, 'Aman', 'Aman', 'Aman', 'Aman'),
(2379, '00812345160', 6, 2, 0, 0, 0, 0, 'Aman', 'Aman', 'Aman', 'Aman'),
(2380, '00812345161', 7, 2, 0, 0, 0, 0, 'Aman', 'Aman', 'Aman', 'Aman'),
(2381, '00812345162', 6, 2, 0, 0, 0, 0, 'Aman', 'Aman', 'Aman', 'Aman'),
(2382, '00812345163', 6, 2, 0, 0, 0, 0, 'Aman', 'Aman', 'Aman', 'Aman'),
(2383, '00812345164', 9, 2, 0, 0, 0, 0, 'Aman', 'Aman', 'Aman', 'Aman'),
(2384, '00812345165', 6, 2, 0, 0, 0, 0, 'Aman', 'Aman', 'Aman', 'Aman'),
(2385, '00812345166', 9, 2, 0, 0, 0, 0, 'Aman', 'Aman', 'Aman', 'Aman'),
(2386, '00812345167', 9, 2, 0, 0, 0, 0, 'Aman', 'Aman', 'Aman', 'Aman'),
(2387, '00812345168', 8, 2, 0, 0, 0, 0, 'Aman', 'Aman', 'Aman', 'Aman'),
(2388, '00812345169', 6, 2, 0, 0, 0, 0, 'Aman', 'Aman', 'Aman', 'Aman'),
(2389, '00812345170', 10, 2, 0, 0, 0, 0, 'Aman', 'Aman', 'Aman', 'Aman'),
(2390, '00812345171', 10, 2, 0, 0, 0, 0, 'Aman', 'Aman', 'Aman', 'Aman'),
(2391, '00812345172', 7, 2, 0, 50, 0, 50, 'Aman', 'Aman', 'Aman', 'Aman'),
(2392, '00812345173', 9, 2, 0, 0, 0, 0, 'Aman', 'Aman', 'Aman', 'Aman'),
(2393, '00812345174', 10, 2, 0, 0, 0, 0, 'Aman', 'Aman', 'Aman', 'Aman'),
(2394, '00812345175', 8, 2, 0, 0, 0, 0, 'Aman', 'Aman', 'Aman', 'Aman'),
(2395, '00812345176', 10, 2, 0, 0, 0, 0, 'Aman', 'Aman', 'Aman', 'Aman'),
(2396, '00812345177', 10, 2, 0, 0, 0, 0, 'Aman', 'Aman', 'Aman', 'Aman'),
(2397, '00812345178', 9, 2, 0, 0, 50, 50, 'Aman', 'Aman', 'Aman', 'Aman'),
(2398, '00812345179', 7, 2, 0, 0, 0, 0, 'Aman', 'Aman', 'Aman', 'Aman'),
(2399, '00812345180', 6, 2, 0, 0, 0, 0, 'Aman', 'Aman', 'Aman', 'Aman'),
(2400, '00812345181', 8, 2, 100, 125, 0, 225, 'Aman', 'SP1', 'Aman', 'SP1'),
(2401, '00812345182', 9, 2, 0, 0, 0, 0, 'Aman', 'Aman', 'Aman', 'Aman'),
(2402, '00812345183', 6, 2, 0, 375, 0, 375, 'Aman', 'SP2', 'Aman', 'SP2'),
(2403, '00812345184', 6, 2, 0, 0, 0, 0, 'Aman', 'Aman', 'Aman', 'Aman'),
(2404, '00812345185', 8, 2, 0, 0, 0, 0, 'Aman', 'Aman', 'Aman', 'Aman'),
(2405, '00812345186', 7, 2, 0, 0, 50, 50, 'Aman', 'Aman', 'Aman', 'Aman'),
(2406, '00812345187', 10, 2, 0, 0, 0, 0, 'Aman', 'Aman', 'Aman', 'Aman'),
(2407, '00812345188', 8, 2, 0, 0, 0, 0, 'Aman', 'Aman', 'Aman', 'Aman'),
(2408, '00812345189', 10, 2, 0, 0, 0, 0, 'Aman', 'Aman', 'Aman', 'Aman'),
(2409, '00812345190', 9, 2, 0, 0, 0, 0, 'Aman', 'Aman', 'Aman', 'Aman'),
(2410, '00812345191', 8, 2, 0, 0, 0, 0, 'Aman', 'Aman', 'Aman', 'Aman'),
(2411, '00812345192', 6, 2, 100, 0, 50, 150, 'Aman', 'Aman', 'Aman', 'Aman'),
(2412, '00812345193', 10, 2, 0, 0, 0, 0, 'Aman', 'Aman', 'Aman', 'Aman'),
(2413, '00812345194', 7, 2, 0, 50, 0, 50, 'Aman', 'Aman', 'Aman', 'Aman'),
(2414, '00812345195', 8, 2, 0, 50, 0, 50, 'Aman', 'Aman', 'Aman', 'Aman'),
(2415, '00812345196', 9, 2, 0, 0, 0, 0, 'Aman', 'Aman', 'Aman', 'Aman'),
(2416, '00812345197', 8, 2, 0, 0, 0, 0, 'Aman', 'Aman', 'Aman', 'Aman'),
(2417, '00812345198', 6, 2, 0, 0, 0, 0, 'Aman', 'Aman', 'Aman', 'Aman'),
(2418, '00812345199', 10, 2, 100, 0, 0, 100, 'Aman', 'Aman', 'Aman', 'Aman'),
(2419, '00812345200', 8, 2, 0, 0, 0, 0, 'Aman', 'Aman', 'Aman', 'Aman'),
(2420, '00812345201', 8, 2, 0, 0, 0, 0, 'Aman', 'Aman', 'Aman', 'Aman'),
(2421, '00812345202', 9, 2, 0, 0, 0, 0, 'Aman', 'Aman', 'Aman', 'Aman'),
(2422, '00812345203', 9, 2, 300, 50, 0, 350, 'SP1', 'Aman', 'Aman', 'SP1'),
(2423, '00812345204', 6, 2, 0, 0, 0, 0, 'Aman', 'Aman', 'Aman', 'Aman'),
(2424, '00812345205', 7, 2, 0, 0, 0, 0, 'Aman', 'Aman', 'Aman', 'Aman'),
(2425, '00812345206', 9, 2, 0, 0, 0, 0, 'Aman', 'Aman', 'Aman', 'Aman'),
(2426, '00812345207', 7, 2, 0, 0, 0, 0, 'Aman', 'Aman', 'Aman', 'Aman'),
(2427, '00812345208', 6, 2, 100, 0, 0, 100, 'Aman', 'Aman', 'Aman', 'Aman'),
(2428, '00812345209', 6, 2, 0, 0, 0, 0, 'Aman', 'Aman', 'Aman', 'Aman'),
(2429, '00812345210', 10, 2, 0, 0, 50, 50, 'Aman', 'Aman', 'Aman', 'Aman'),
(2430, '00812345211', 10, 2, 0, 0, 0, 0, 'Aman', 'Aman', 'Aman', 'Aman'),
(2431, '00812345212', 9, 2, 0, 0, 0, 0, 'Aman', 'Aman', 'Aman', 'Aman'),
(2432, '00812345213', 8, 2, 0, 0, 0, 0, 'Aman', 'Aman', 'Aman', 'Aman'),
(2433, '00812345214', 6, 2, 0, 0, 0, 0, 'Aman', 'Aman', 'Aman', 'Aman'),
(2434, '00812345215', 10, 2, 0, 0, 0, 0, 'Aman', 'Aman', 'Aman', 'Aman'),
(2435, '00812345216', 7, 2, 0, 0, 0, 0, 'Aman', 'Aman', 'Aman', 'Aman'),
(2436, '00812345217', 8, 2, 0, 75, 25, 100, 'Aman', 'SP1', 'Aman', 'SP1'),
(2437, '00812345218', 7, 2, 0, 0, 0, 0, 'Aman', 'Aman', 'Aman', 'Aman'),
(2438, '00812345219', 7, 2, 0, 25, 0, 25, 'Aman', 'Aman', 'Aman', 'Aman'),
(2439, '00812345220', 9, 2, 0, 0, 0, 0, 'Aman', 'Aman', 'Aman', 'Aman'),
(2440, '00812345221', 1, 2, 0, 0, 0, 0, 'Aman', 'Aman', 'Aman', 'Aman'),
(2441, '00812345222', 1, 2, 0, 0, 0, 0, 'Aman', 'Aman', 'Aman', 'Aman'),
(2442, '00812345223', 2, 2, 0, 0, 0, 0, 'Aman', 'Aman', 'Aman', 'Aman'),
(2443, '00812345224', 5, 2, 0, 0, 0, 0, 'Aman', 'Aman', 'Aman', 'Aman'),
(2444, '00812345225', 5, 2, 0, 50, 0, 50, 'Aman', 'Aman', 'Aman', 'Aman'),
(2445, '00812345226', 3, 2, 0, 0, 0, 0, 'Aman', 'Aman', 'Aman', 'Aman'),
(2446, '00812345227', 5, 2, 0, 0, 0, 0, 'Aman', 'Aman', 'Aman', 'Aman'),
(2447, '00812345228', 3, 2, 0, 0, 0, 0, 'Aman', 'Aman', 'Aman', 'Aman'),
(2448, '00812345229', 5, 2, 0, 0, 0, 0, 'Aman', 'Aman', 'Aman', 'Aman'),
(2449, '00812345230', 5, 2, 0, 0, 0, 0, 'Aman', 'Aman', 'Aman', 'Aman'),
(2450, '00812345231', 1, 2, 0, 0, 0, 0, 'Aman', 'Aman', 'Aman', 'Aman'),
(2451, '00812345232', 5, 2, 0, 0, 0, 0, 'Aman', 'Aman', 'Aman', 'Aman'),
(2452, '00812345233', 3, 2, 0, 0, 0, 0, 'Aman', 'Aman', 'Aman', 'Aman'),
(2453, '00812345234', 2, 2, 0, 0, 0, 0, 'Aman', 'Aman', 'Aman', 'Aman'),
(2454, '00812345235', 1, 2, 0, 0, 0, 0, 'Aman', 'Aman', 'Aman', 'Aman'),
(2455, '00812345236', 5, 2, 100, 125, 0, 225, 'Aman', 'SP1', 'Aman', 'SP1'),
(2456, '00812345237', 1, 2, 0, 0, 0, 0, 'Aman', 'Aman', 'Aman', 'Aman'),
(2457, '00812345238', 1, 2, 0, 0, 0, 0, 'Aman', 'Aman', 'Aman', 'Aman'),
(2458, '00812345239', 4, 2, 0, 0, 0, 0, 'Aman', 'Aman', 'Aman', 'Aman'),
(2459, '00812345240', 4, 2, 0, 50, 0, 50, 'Aman', 'Aman', 'Aman', 'Aman'),
(2460, '00812345241', 3, 2, 0, 0, 0, 0, 'Aman', 'Aman', 'Aman', 'Aman'),
(2461, '00812345242', 1, 2, 0, 0, 0, 0, 'Aman', 'Aman', 'Aman', 'Aman'),
(2462, '00812345243', 2, 2, 0, 0, 0, 0, 'Aman', 'Aman', 'Aman', 'Aman'),
(2463, '00812345244', 4, 2, 0, 0, 0, 0, 'Aman', 'Aman', 'Aman', 'Aman'),
(2464, '00812345245', 2, 2, 0, 0, 0, 0, 'Aman', 'Aman', 'Aman', 'Aman'),
(2465, '00812345246', 5, 2, 0, 0, 0, 0, 'Aman', 'Aman', 'Aman', 'Aman'),
(2466, '00812345247', 1, 2, 0, 0, 0, 0, 'Aman', 'Aman', 'Aman', 'Aman'),
(2467, '00812345248', 4, 2, 0, 0, 0, 0, 'Aman', 'Aman', 'Aman', 'Aman'),
(2468, '00812345249', 3, 2, 0, 0, 0, 0, 'Aman', 'Aman', 'Aman', 'Aman'),
(2469, '00812345250', 4, 2, 0, 0, 0, 0, 'Aman', 'Aman', 'Aman', 'Aman'),
(2470, '00812345251', 1, 2, 0, 0, 0, 0, 'Aman', 'Aman', 'Aman', 'Aman'),
(2471, '00812345252', 2, 2, 0, 0, 0, 0, 'Aman', 'Aman', 'Aman', 'Aman'),
(2472, '00812345253', 4, 2, 0, 0, 0, 0, 'Aman', 'Aman', 'Aman', 'Aman'),
(2473, '00812345254', 3, 2, 0, 0, 0, 0, 'Aman', 'Aman', 'Aman', 'Aman'),
(2474, '00812345255', 3, 2, 0, 500, 50, 550, 'Aman', 'SP3', 'Aman', 'SP3'),
(2475, '00812345256', 4, 2, 0, 0, 0, 0, 'Aman', 'Aman', 'Aman', 'Aman'),
(2476, '00812345257', 1, 2, 0, 0, 0, 0, 'Aman', 'Aman', 'Aman', 'Aman'),
(2477, '00812345258', 5, 2, 0, 0, 0, 0, 'Aman', 'Aman', 'Aman', 'Aman'),
(2478, '00812345259', 3, 2, 600, 0, 200, 800, 'SP1', 'Aman', 'SP1', 'SP1'),
(2479, '00812345260', 2, 2, 300, 0, 0, 300, 'SP1', 'Aman', 'Aman', 'SP1'),
(2480, '00812345261', 1, 2, 0, 0, 0, 0, 'Aman', 'Aman', 'Aman', 'Aman'),
(2481, '00812345262', 5, 2, 0, 0, 0, 0, 'Aman', 'Aman', 'Aman', 'Aman'),
(2482, '00812345263', 4, 2, 0, 0, 0, 0, 'Aman', 'Aman', 'Aman', 'Aman'),
(2483, '00812345264', 2, 2, 0, 0, 0, 0, 'Aman', 'Aman', 'Aman', 'Aman'),
(2484, '00812345265', 1, 2, 0, 0, 0, 0, 'Aman', 'Aman', 'Aman', 'Aman'),
(2485, '00812345266', 3, 2, 0, 75, 0, 75, 'Aman', 'SP1', 'Aman', 'SP1'),
(2486, '00812345267', 3, 2, 0, 0, 0, 0, 'Aman', 'Aman', 'Aman', 'Aman'),
(2487, '00812345268', 4, 2, 0, 0, 0, 0, 'Aman', 'Aman', 'Aman', 'Aman'),
(2488, '00812345269', 3, 2, 0, 0, 0, 0, 'Aman', 'Aman', 'Aman', 'Aman'),
(2489, '00812345270', 3, 2, 0, 500, 0, 500, 'Aman', 'SP3', 'Aman', 'SP3'),
(2490, '00812345271', 5, 2, 0, 0, 0, 0, 'Aman', 'Aman', 'Aman', 'Aman'),
(2491, '00812345272', 2, 2, 0, 0, 0, 0, 'Aman', 'Aman', 'Aman', 'Aman'),
(2492, '00812345273', 4, 2, 0, 50, 50, 100, 'Aman', 'Aman', 'Aman', 'Aman'),
(2493, '00812345274', 4, 2, 0, 0, 0, 0, 'Aman', 'Aman', 'Aman', 'Aman'),
(2494, '00812345275', 1, 2, 0, 0, 0, 0, 'Aman', 'Aman', 'Aman', 'Aman'),
(2495, '00812345276', 5, 2, 0, 0, 0, 0, 'Aman', 'Aman', 'Aman', 'Aman'),
(2496, '00812345277', 4, 2, 0, 0, 0, 0, 'Aman', 'Aman', 'Aman', 'Aman'),
(2497, '00812345278', 4, 2, 0, 0, 0, 0, 'Aman', 'Aman', 'Aman', 'Aman'),
(2498, '00812345279', 2, 2, 0, 0, 0, 0, 'Aman', 'Aman', 'Aman', 'Aman'),
(2499, '00812345280', 3, 2, 0, 0, 0, 0, 'Aman', 'Aman', 'Aman', 'Aman'),
(2500, '00812345281', 5, 2, 0, 0, 0, 0, 'Aman', 'Aman', 'Aman', 'Aman'),
(2501, '00812345282', 2, 2, 0, 0, 0, 0, 'Aman', 'Aman', 'Aman', 'Aman'),
(2502, '00812345283', 4, 2, 0, 0, 0, 0, 'Aman', 'Aman', 'Aman', 'Aman'),
(2503, '00812345284', 4, 2, 0, 0, 0, 0, 'Aman', 'Aman', 'Aman', 'Aman'),
(2504, '00812345285', 4, 2, 0, 0, 0, 0, 'Aman', 'Aman', 'Aman', 'Aman'),
(2505, '00812345286', 1, 2, 0, 0, 0, 0, 'Aman', 'Aman', 'Aman', 'Aman'),
(2506, '00812345287', 3, 2, 0, 0, 0, 0, 'Aman', 'Aman', 'Aman', 'Aman'),
(2507, '00812345288', 2, 2, 0, 50, 0, 50, 'Aman', 'Aman', 'Aman', 'Aman'),
(2508, '00812345289', 1, 2, 0, 0, 0, 0, 'Aman', 'Aman', 'Aman', 'Aman'),
(2509, '00812345290', 4, 2, 0, 0, 0, 0, 'Aman', 'Aman', 'Aman', 'Aman'),
(2510, '00812345291', 1, 2, 0, 0, 0, 0, 'Aman', 'Aman', 'Aman', 'Aman'),
(2511, '00812345292', 1, 2, 0, 0, 0, 0, 'Aman', 'Aman', 'Aman', 'Aman'),
(2512, '00812345293', 2, 2, 0, 0, 0, 0, 'Aman', 'Aman', 'Aman', 'Aman'),
(2513, '00812345294', 1, 2, 0, 0, 0, 0, 'Aman', 'Aman', 'Aman', 'Aman'),
(2514, '00812345295', 2, 2, 0, 0, 0, 0, 'Aman', 'Aman', 'Aman', 'Aman'),
(2515, '00812345296', 5, 2, 0, 300, 0, 300, 'Aman', 'SP2', 'Aman', 'SP2'),
(2516, '00812345297', 5, 2, 0, 0, 150, 150, 'Aman', 'Aman', 'SP1', 'SP1'),
(2517, '00812345298', 5, 2, 0, 0, 0, 0, 'Aman', 'Aman', 'Aman', 'Aman'),
(2518, '00812345299', 4, 2, 0, 0, 0, 0, 'Aman', 'Aman', 'Aman', 'Aman'),
(2519, '00812345300', 1, 2, 0, 0, 0, 0, 'Aman', 'Aman', 'Aman', 'Aman'),
(2520, '00812345301', 4, 2, 0, 0, 0, 0, 'Aman', 'Aman', 'Aman', 'Aman'),
(2521, '00812345302', 1, 2, 0, 0, 0, 0, 'Aman', 'Aman', 'Aman', 'Aman'),
(2522, '00812345303', 5, 2, 0, 0, 0, 0, 'Aman', 'Aman', 'Aman', 'Aman'),
(2523, '00812345304', 4, 2, 0, 0, 0, 0, 'Aman', 'Aman', 'Aman', 'Aman'),
(2524, '00812345305', 5, 2, 0, 0, 0, 0, 'Aman', 'Aman', 'Aman', 'Aman'),
(2525, '00812345306', 5, 2, 0, 0, 0, 0, 'Aman', 'Aman', 'Aman', 'Aman'),
(2526, '00812345307', 4, 2, 0, 0, 0, 0, 'Aman', 'Aman', 'Aman', 'Aman'),
(2527, '00812345308', 4, 2, 0, 0, 0, 0, 'Aman', 'Aman', 'Aman', 'Aman'),
(2528, '00812345309', 4, 2, 0, 0, 0, 0, 'Aman', 'Aman', 'Aman', 'Aman'),
(2529, '00812345310', 5, 2, 0, 0, 0, 0, 'Aman', 'Aman', 'Aman', 'Aman'),
(2530, '00812345311', 4, 2, 0, 0, 0, 0, 'Aman', 'Aman', 'Aman', 'Aman'),
(2531, '00812345312', 5, 2, 0, 0, 0, 0, 'Aman', 'Aman', 'Aman', 'Aman'),
(2532, '00812345313', 3, 2, 0, 0, 0, 0, 'Aman', 'Aman', 'Aman', 'Aman'),
(2533, '00812345314', 5, 2, 0, 0, 0, 0, 'Aman', 'Aman', 'Aman', 'Aman'),
(2534, '00812345315', 5, 2, 0, 0, 0, 0, 'Aman', 'Aman', 'Aman', 'Aman'),
(2535, '00812345316', 3, 2, 0, 0, 0, 0, 'Aman', 'Aman', 'Aman', 'Aman'),
(2536, '00812345317', 3, 2, 0, 0, 0, 0, 'Aman', 'Aman', 'Aman', 'Aman'),
(2537, '00812345318', 1, 2, 0, 0, 0, 0, 'Aman', 'Aman', 'Aman', 'Aman'),
(2538, '00812345319', 2, 2, 0, 0, 0, 0, 'Aman', 'Aman', 'Aman', 'Aman'),
(2539, '00812345320', 4, 2, 0, 0, 0, 0, 'Aman', 'Aman', 'Aman', 'Aman'),
(2540, '00812345321', 5, 2, 0, 0, 0, 0, 'Aman', 'Aman', 'Aman', 'Aman'),
(2541, '00812345322', 4, 2, 0, 0, 0, 0, 'Aman', 'Aman', 'Aman', 'Aman'),
(2542, '00812345323', 4, 2, 0, 0, 0, 0, 'Aman', 'Aman', 'Aman', 'Aman'),
(2543, '00812345324', 3, 2, 0, 0, 0, 0, 'Aman', 'Aman', 'Aman', 'Aman'),
(2544, '00812345325', 2, 2, 0, 0, 0, 0, 'Aman', 'Aman', 'Aman', 'Aman'),
(2545, '00812345326', 1, 2, 0, 0, 0, 0, 'Aman', 'Aman', 'Aman', 'Aman'),
(2546, '00812345327', 3, 2, 0, 0, 0, 0, 'Aman', 'Aman', 'Aman', 'Aman'),
(2547, '00812345328', 4, 2, 0, 0, 0, 0, 'Aman', 'Aman', 'Aman', 'Aman'),
(2548, '00812345329', 5, 2, 0, 0, 0, 0, 'Aman', 'Aman', 'Aman', 'Aman'),
(2549, '00812345330', 2, 2, 0, 0, 0, 0, 'Aman', 'Aman', 'Aman', 'Aman'),
(2550, '00812345111', 13, 3, 0, 0, 0, 0, 'Aman', 'Aman', 'Aman', 'Aman'),
(2551, '00812345112', 12, 3, 0, 0, 0, 0, 'Aman', 'Aman', 'Aman', 'Aman'),
(2552, '00812345113', 13, 3, 0, 0, 0, 0, 'Aman', 'Aman', 'Aman', 'Aman'),
(2553, '00812345114', 11, 3, 100, 50, 100, 250, 'Aman', 'Aman', 'SP1', 'SP1'),
(2554, '00812345115', 15, 3, 0, 0, 0, 0, 'Aman', 'Aman', 'Aman', 'Aman'),
(2555, '00812345116', 14, 3, 0, 0, 0, 0, 'Aman', 'Aman', 'Aman', 'Aman'),
(2556, '00812345117', 11, 3, 0, 0, 0, 0, 'Aman', 'Aman', 'Aman', 'Aman'),
(2557, '00812345118', 12, 3, 0, 0, 0, 0, 'Aman', 'Aman', 'Aman', 'Aman'),
(2558, '00812345119', 11, 3, 0, 0, 0, 0, 'Aman', 'Aman', 'Aman', 'Aman'),
(2559, '00812345120', 14, 3, 0, 0, 0, 0, 'Aman', 'Aman', 'Aman', 'Aman'),
(2560, '00812345121', 14, 3, 0, 0, 0, 0, 'Aman', 'Aman', 'Aman', 'Aman'),
(2561, '00812345122', 15, 3, 0, 0, 0, 0, 'Aman', 'Aman', 'Aman', 'Aman'),
(2562, '00812345123', 11, 3, 0, 0, 0, 0, 'Aman', 'Aman', 'Aman', 'Aman'),
(2563, '00812345124', 12, 3, 0, 0, 0, 0, 'Aman', 'Aman', 'Aman', 'Aman'),
(2564, '00812345125', 12, 3, 0, 0, 0, 0, 'Aman', 'Aman', 'Aman', 'Aman'),
(2565, '00812345126', 15, 3, 0, 0, 0, 0, 'Aman', 'Aman', 'Aman', 'Aman'),
(2566, '00812345127', 13, 3, 0, 0, 0, 0, 'Aman', 'Aman', 'Aman', 'Aman'),
(2567, '00812345128', 15, 3, 0, 0, 0, 0, 'Aman', 'Aman', 'Aman', 'Aman'),
(2568, '00812345129', 13, 3, 50, 0, 0, 50, 'Aman', 'Aman', 'Aman', 'Aman'),
(2569, '00812345130', 13, 3, 0, 0, 0, 0, 'Aman', 'Aman', 'Aman', 'Aman'),
(2570, '00812345131', 11, 3, 0, 0, 0, 0, 'Aman', 'Aman', 'Aman', 'Aman'),
(2571, '00812345132', 14, 3, 0, 50, 0, 50, 'Aman', 'Aman', 'Aman', 'Aman'),
(2572, '00812345133', 12, 3, 0, 50, 0, 50, 'Aman', 'Aman', 'Aman', 'Aman'),
(2573, '00812345134', 15, 3, 0, 0, 0, 0, 'Aman', 'Aman', 'Aman', 'Aman'),
(2574, '00812345135', 14, 3, 0, 0, 0, 0, 'Aman', 'Aman', 'Aman', 'Aman'),
(2575, '00812345136', 12, 3, 0, 25, 50, 75, 'Aman', 'Aman', 'Aman', 'Aman'),
(2576, '00812345137', 15, 3, 0, 0, 0, 0, 'Aman', 'Aman', 'Aman', 'Aman'),
(2577, '00812345138', 12, 3, 0, 0, 0, 0, 'Aman', 'Aman', 'Aman', 'Aman'),
(2578, '00812345139', 11, 3, 0, 0, 0, 0, 'Aman', 'Aman', 'Aman', 'Aman'),
(2579, '00812345140', 13, 3, 0, 0, 0, 0, 'Aman', 'Aman', 'Aman', 'Aman'),
(2580, '00812345141', 11, 3, 100, 0, 0, 100, 'Aman', 'Aman', 'Aman', 'Aman'),
(2581, '00812345142', 11, 3, 0, 0, 0, 0, 'Aman', 'Aman', 'Aman', 'Aman'),
(2582, '00812345143', 14, 3, 0, 0, 0, 0, 'Aman', 'Aman', 'Aman', 'Aman'),
(2583, '00812345144', 11, 3, 0, 0, 0, 0, 'Aman', 'Aman', 'Aman', 'Aman'),
(2584, '00812345145', 12, 3, 0, 175, 50, 225, 'Aman', 'SP1', 'Aman', 'SP1'),
(2585, '00812345146', 11, 3, 0, 0, 0, 0, 'Aman', 'Aman', 'Aman', 'Aman'),
(2586, '00812345147', 14, 3, 0, 0, 0, 0, 'Aman', 'Aman', 'Aman', 'Aman'),
(2587, '00812345148', 11, 3, 0, 0, 0, 0, 'Aman', 'Aman', 'Aman', 'Aman'),
(2588, '00812345149', 13, 3, 0, 0, 0, 0, 'Aman', 'Aman', 'Aman', 'Aman'),
(2589, '00812345150', 11, 3, 0, 0, 0, 0, 'Aman', 'Aman', 'Aman', 'Aman'),
(2590, '00812345151', 12, 3, 0, 0, 0, 0, 'Aman', 'Aman', 'Aman', 'Aman'),
(2591, '00812345152', 15, 3, 0, 0, 0, 0, 'Aman', 'Aman', 'Aman', 'Aman'),
(2592, '00812345153', 11, 3, 0, 50, 0, 50, 'Aman', 'Aman', 'Aman', 'Aman'),
(2593, '00812345154', 11, 3, 0, 0, 0, 0, 'Aman', 'Aman', 'Aman', 'Aman'),
(2594, '00812345155', 14, 3, 0, 0, 0, 0, 'Aman', 'Aman', 'Aman', 'Aman'),
(2595, '00812345156', 13, 3, 0, 0, 0, 0, 'Aman', 'Aman', 'Aman', 'Aman'),
(2596, '00812345157', 15, 3, 0, 0, 0, 0, 'Aman', 'Aman', 'Aman', 'Aman'),
(2597, '00812345158', 13, 3, 0, 0, 0, 0, 'Aman', 'Aman', 'Aman', 'Aman'),
(2598, '00812345159', 15, 3, 300, 75, 0, 375, 'SP1', 'SP1', 'Aman', 'SP1'),
(2599, '00812345160', 11, 3, 0, 0, 0, 0, 'Aman', 'Aman', 'Aman', 'Aman'),
(2600, '00812345161', 15, 3, 0, 0, 0, 0, 'Aman', 'Aman', 'Aman', 'Aman'),
(2601, '00812345162', 15, 3, 0, 0, 0, 0, 'Aman', 'Aman', 'Aman', 'Aman'),
(2602, '00812345163', 14, 3, 0, 0, 0, 0, 'Aman', 'Aman', 'Aman', 'Aman'),
(2603, '00812345164', 13, 3, 0, 125, 100, 225, 'Aman', 'SP1', 'SP1', 'SP1'),
(2604, '00812345165', 12, 3, 0, 300, 100, 400, 'Aman', 'SP2', 'SP1', 'SP2'),
(2605, '00812345166', 14, 3, 0, 50, 0, 50, 'Aman', 'Aman', 'Aman', 'Aman'),
(2606, '00812345167', 12, 3, 0, 0, 0, 0, 'Aman', 'Aman', 'Aman', 'Aman'),
(2607, '00812345168', 14, 3, 0, 0, 0, 0, 'Aman', 'Aman', 'Aman', 'Aman'),
(2608, '00812345169', 11, 3, 0, 0, 0, 0, 'Aman', 'Aman', 'Aman', 'Aman'),
(2609, '00812345170', 14, 3, 0, 0, 0, 0, 'Aman', 'Aman', 'Aman', 'Aman'),
(2610, '00812345171', 12, 3, 0, 0, 0, 0, 'Aman', 'Aman', 'Aman', 'Aman'),
(2611, '00812345172', 13, 3, 0, 0, 0, 0, 'Aman', 'Aman', 'Aman', 'Aman'),
(2612, '00812345173', 15, 3, 0, 0, 0, 0, 'Aman', 'Aman', 'Aman', 'Aman'),
(2613, '00812345174', 15, 3, 0, 50, 100, 150, 'Aman', 'Aman', 'SP1', 'SP1'),
(2614, '00812345175', 12, 3, 0, 0, 0, 0, 'Aman', 'Aman', 'Aman', 'Aman'),
(2615, '00812345176', 12, 3, 0, 0, 0, 0, 'Aman', 'Aman', 'Aman', 'Aman'),
(2616, '00812345177', 14, 3, 10299, 25, 0, 10324, 'Sanksi oleh Sekolah', 'Aman', 'Aman', 'Sanksi oleh Sekolah'),
(2617, '00812345178', 12, 3, 0, 0, 0, 0, 'Aman', 'Aman', 'Aman', 'Aman'),
(2618, '00812345179', 12, 3, 0, 0, 0, 0, 'Aman', 'Aman', 'Aman', 'Aman'),
(2619, '00812345180', 13, 3, 0, 0, 0, 0, 'Aman', 'Aman', 'Aman', 'Aman'),
(2620, '00812345181', 14, 3, 0, 0, 0, 0, 'Aman', 'Aman', 'Aman', 'Aman'),
(2621, '00812345182', 11, 3, 0, 0, 0, 0, 'Aman', 'Aman', 'Aman', 'Aman'),
(2622, '00812345183', 11, 3, 0, 0, 0, 0, 'Aman', 'Aman', 'Aman', 'Aman'),
(2623, '00812345184', 13, 3, 0, 0, 0, 0, 'Aman', 'Aman', 'Aman', 'Aman'),
(2624, '00812345185', 14, 3, 0, 0, 0, 0, 'Aman', 'Aman', 'Aman', 'Aman'),
(2625, '00812345186', 13, 3, 0, 0, 0, 0, 'Aman', 'Aman', 'Aman', 'Aman'),
(2626, '00812345187', 13, 3, 0, 0, 0, 0, 'Aman', 'Aman', 'Aman', 'Aman'),
(2627, '00812345188', 13, 3, 0, 50, 0, 50, 'Aman', 'Aman', 'Aman', 'Aman'),
(2628, '00812345189', 11, 3, 0, 0, 0, 0, 'Aman', 'Aman', 'Aman', 'Aman'),
(2629, '00812345190', 14, 3, 100, 50, 0, 150, 'Aman', 'Aman', 'Aman', 'Aman'),
(2630, '00812345191', 11, 3, 0, 0, 0, 0, 'Aman', 'Aman', 'Aman', 'Aman'),
(2631, '00812345192', 15, 3, 0, 0, 0, 0, 'Aman', 'Aman', 'Aman', 'Aman'),
(2632, '00812345193', 12, 3, 0, 0, 0, 0, 'Aman', 'Aman', 'Aman', 'Aman'),
(2633, '00812345194', 13, 3, 0, 50, 0, 50, 'Aman', 'Aman', 'Aman', 'Aman'),
(2634, '00812345195', 15, 3, 0, 0, 0, 0, 'Aman', 'Aman', 'Aman', 'Aman'),
(2635, '00812345196', 14, 3, 0, 0, 0, 0, 'Aman', 'Aman', 'Aman', 'Aman'),
(2636, '00812345197', 13, 3, 0, 0, 0, 0, 'Aman', 'Aman', 'Aman', 'Aman'),
(2637, '00812345198', 15, 3, 0, 0, 0, 0, 'Aman', 'Aman', 'Aman', 'Aman'),
(2638, '00812345199', 11, 3, 0, 0, 0, 0, 'Aman', 'Aman', 'Aman', 'Aman'),
(2639, '00812345200', 15, 3, 0, 0, 0, 0, 'Aman', 'Aman', 'Aman', 'Aman'),
(2640, '00812345201', 13, 3, 0, 0, 0, 0, 'Aman', 'Aman', 'Aman', 'Aman'),
(2641, '00812345202', 15, 3, 100, 0, 50, 150, 'Aman', 'Aman', 'Aman', 'Aman'),
(2642, '00812345203', 14, 3, 0, 0, 0, 0, 'Aman', 'Aman', 'Aman', 'Aman'),
(2643, '00812345204', 14, 3, 0, 0, 0, 0, 'Aman', 'Aman', 'Aman', 'Aman'),
(2644, '00812345205', 11, 3, 0, 125, 0, 125, 'Aman', 'SP1', 'Aman', 'SP1'),
(2645, '00812345206', 15, 3, 0, 0, 0, 0, 'Aman', 'Aman', 'Aman', 'Aman'),
(2646, '00812345207', 12, 3, 500, 50, 0, 550, 'SP1', 'Aman', 'Aman', 'SP1'),
(2647, '00812345208', 15, 3, 0, 0, 0, 0, 'Aman', 'Aman', 'Aman', 'Aman'),
(2648, '00812345209', 14, 3, 0, 0, 0, 0, 'Aman', 'Aman', 'Aman', 'Aman'),
(2649, '00812345210', 15, 3, 0, 0, 0, 0, 'Aman', 'Aman', 'Aman', 'Aman'),
(2650, '00812345211', 13, 3, 0, 0, 0, 0, 'Aman', 'Aman', 'Aman', 'Aman'),
(2651, '00812345212', 11, 3, 0, 50, 50, 100, 'Aman', 'Aman', 'Aman', 'Aman'),
(2652, '00812345213', 11, 3, 0, 0, 0, 0, 'Aman', 'Aman', 'Aman', 'Aman'),
(2653, '00812345214', 13, 3, 0, 0, 0, 0, 'Aman', 'Aman', 'Aman', 'Aman'),
(2654, '00812345215', 12, 3, 0, 0, 0, 0, 'Aman', 'Aman', 'Aman', 'Aman'),
(2655, '00812345216', 14, 3, 0, 0, 0, 0, 'Aman', 'Aman', 'Aman', 'Aman'),
(2656, '00812345217', 14, 3, 0, 0, 0, 0, 'Aman', 'Aman', 'Aman', 'Aman'),
(2657, '00812345218', 15, 3, 0, 0, 100, 100, 'Aman', 'Aman', 'SP1', 'SP1'),
(2658, '00812345219', 12, 3, 0, 0, 0, 0, 'Aman', 'Aman', 'Aman', 'Aman'),
(2659, '00812345220', 13, 3, 0, 0, 0, 0, 'Aman', 'Aman', 'Aman', 'Aman'),
(2660, '00812345221', 7, 3, 800, 325, 0, 1125, 'SP2', 'SP2', 'Aman', 'SP2'),
(2661, '00812345222', 8, 3, 0, 125, 150, 275, 'Aman', 'SP1', 'SP1', 'SP1'),
(2662, '00812345223', 9, 3, 0, 0, 0, 0, 'Aman', 'Aman', 'Aman', 'Aman'),
(2663, '00812345224', 7, 3, 0, 0, 0, 0, 'Aman', 'Aman', 'Aman', 'Aman'),
(2664, '00812345225', 7, 3, 0, 0, 0, 0, 'Aman', 'Aman', 'Aman', 'Aman'),
(2665, '00812345226', 7, 3, 0, 0, 0, 0, 'Aman', 'Aman', 'Aman', 'Aman'),
(2666, '00812345227', 9, 3, 0, 0, 0, 0, 'Aman', 'Aman', 'Aman', 'Aman'),
(2667, '00812345228', 6, 3, 0, 0, 0, 0, 'Aman', 'Aman', 'Aman', 'Aman'),
(2668, '00812345229', 7, 3, 0, 0, 0, 0, 'Aman', 'Aman', 'Aman', 'Aman'),
(2669, '00812345230', 7, 3, 0, 0, 0, 0, 'Aman', 'Aman', 'Aman', 'Aman'),
(2670, '00812345231', 6, 3, 0, 0, 0, 0, 'Aman', 'Aman', 'Aman', 'Aman'),
(2671, '00812345232', 7, 3, 0, 0, 0, 0, 'Aman', 'Aman', 'Aman', 'Aman'),
(2672, '00812345233', 9, 3, 0, 0, 0, 0, 'Aman', 'Aman', 'Aman', 'Aman'),
(2673, '00812345234', 8, 3, 0, 0, 100, 100, 'Aman', 'Aman', 'SP1', 'SP1'),
(2674, '00812345235', 8, 3, 0, 0, 0, 0, 'Aman', 'Aman', 'Aman', 'Aman'),
(2675, '00812345236', 6, 3, 0, 0, 0, 0, 'Aman', 'Aman', 'Aman', 'Aman'),
(2676, '00812345237', 10, 3, 0, 0, 0, 0, 'Aman', 'Aman', 'Aman', 'Aman'),
(2677, '00812345238', 9, 3, 300, 0, 0, 300, 'SP1', 'Aman', 'Aman', 'SP1'),
(2678, '00812345239', 6, 3, 300, 0, 0, 300, 'SP1', 'Aman', 'Aman', 'SP1'),
(2679, '00812345240', 7, 3, 0, 0, 0, 0, 'Aman', 'Aman', 'Aman', 'Aman'),
(2680, '00812345241', 7, 3, 0, 0, 0, 0, 'Aman', 'Aman', 'Aman', 'Aman'),
(2681, '00812345242', 10, 3, 0, 0, 100, 100, 'Aman', 'Aman', 'SP1', 'SP1'),
(2682, '00812345243', 8, 3, 0, 0, 0, 0, 'Aman', 'Aman', 'Aman', 'Aman'),
(2683, '00812345244', 10, 3, 0, 0, 0, 0, 'Aman', 'Aman', 'Aman', 'Aman'),
(2684, '00812345245', 7, 3, 0, 0, 0, 0, 'Aman', 'Aman', 'Aman', 'Aman'),
(2685, '00812345246', 8, 3, 0, 0, 0, 0, 'Aman', 'Aman', 'Aman', 'Aman'),
(2686, '00812345247', 7, 3, 200, 0, 0, 200, 'Aman', 'Aman', 'Aman', 'Aman'),
(2687, '00812345248', 10, 3, 50, 0, 0, 50, 'Aman', 'Aman', 'Aman', 'Aman'),
(2688, '00812345249', 8, 3, 0, 0, 0, 0, 'Aman', 'Aman', 'Aman', 'Aman'),
(2689, '00812345250', 10, 3, 0, 0, 0, 0, 'Aman', 'Aman', 'Aman', 'Aman'),
(2690, '00812345251', 6, 3, 0, 0, 200, 200, 'Aman', 'Aman', 'SP1', 'SP1'),
(2691, '00812345252', 7, 3, 0, 0, 0, 0, 'Aman', 'Aman', 'Aman', 'Aman'),
(2692, '00812345253', 8, 3, 0, 0, 0, 0, 'Aman', 'Aman', 'Aman', 'Aman'),
(2693, '00812345254', 9, 3, 0, 0, 0, 0, 'Aman', 'Aman', 'Aman', 'Aman'),
(2694, '00812345255', 7, 3, 0, 75, 50, 125, 'Aman', 'SP1', 'Aman', 'SP1'),
(2695, '00812345256', 9, 3, 0, 0, 0, 0, 'Aman', 'Aman', 'Aman', 'Aman'),
(2696, '00812345257', 9, 3, 0, 0, 0, 0, 'Aman', 'Aman', 'Aman', 'Aman'),
(2697, '00812345258', 6, 3, 0, 0, 0, 0, 'Aman', 'Aman', 'Aman', 'Aman'),
(2698, '00812345259', 7, 3, 0, 0, 0, 0, 'Aman', 'Aman', 'Aman', 'Aman'),
(2699, '00812345260', 9, 3, 0, 125, 50, 175, 'Aman', 'SP1', 'Aman', 'SP1'),
(2700, '00812345261', 6, 3, 0, 0, 0, 0, 'Aman', 'Aman', 'Aman', 'Aman'),
(2701, '00812345262', 6, 3, 0, 0, 0, 0, 'Aman', 'Aman', 'Aman', 'Aman'),
(2702, '00812345263', 8, 3, 50, 50, 0, 100, 'Aman', 'Aman', 'Aman', 'Aman'),
(2703, '00812345264', 7, 3, 0, 0, 0, 0, 'Aman', 'Aman', 'Aman', 'Aman'),
(2704, '00812345265', 7, 3, 0, 0, 0, 0, 'Aman', 'Aman', 'Aman', 'Aman'),
(2705, '00812345266', 7, 3, 0, 0, 0, 0, 'Aman', 'Aman', 'Aman', 'Aman'),
(2706, '00812345267', 9, 3, 0, 25, 0, 25, 'Aman', 'Aman', 'Aman', 'Aman'),
(2707, '00812345268', 8, 3, 0, 75, 0, 75, 'Aman', 'SP1', 'Aman', 'SP1'),
(2708, '00812345269', 8, 3, 0, 0, 0, 0, 'Aman', 'Aman', 'Aman', 'Aman'),
(2709, '00812345270', 7, 3, 0, 0, 0, 0, 'Aman', 'Aman', 'Aman', 'Aman'),
(2710, '00812345271', 8, 3, 0, 0, 0, 0, 'Aman', 'Aman', 'Aman', 'Aman'),
(2711, '00812345272', 8, 3, 0, 0, 0, 0, 'Aman', 'Aman', 'Aman', 'Aman'),
(2712, '00812345273', 9, 3, 0, 0, 0, 0, 'Aman', 'Aman', 'Aman', 'Aman'),
(2713, '00812345274', 6, 3, 0, 0, 0, 0, 'Aman', 'Aman', 'Aman', 'Aman'),
(2714, '00812345275', 10, 3, 0, 0, 0, 0, 'Aman', 'Aman', 'Aman', 'Aman'),
(2715, '00812345276', 6, 3, 0, 0, 0, 0, 'Aman', 'Aman', 'Aman', 'Aman'),
(2716, '00812345277', 8, 3, 0, 0, 0, 0, 'Aman', 'Aman', 'Aman', 'Aman'),
(2717, '00812345278', 7, 3, 0, 0, 0, 0, 'Aman', 'Aman', 'Aman', 'Aman'),
(2718, '00812345279', 9, 3, 100, 0, 0, 100, 'Aman', 'Aman', 'Aman', 'Aman'),
(2719, '00812345280', 6, 3, 0, 0, 0, 0, 'Aman', 'Aman', 'Aman', 'Aman'),
(2720, '00812345281', 9, 3, 0, 0, 0, 0, 'Aman', 'Aman', 'Aman', 'Aman'),
(2721, '00812345282', 6, 3, 0, 350, 0, 350, 'Aman', 'SP2', 'Aman', 'SP2'),
(2722, '00812345283', 8, 3, 0, 0, 0, 0, 'Aman', 'Aman', 'Aman', 'Aman'),
(2723, '00812345284', 10, 3, 0, 0, 0, 0, 'Aman', 'Aman', 'Aman', 'Aman'),
(2724, '00812345285', 7, 3, 0, 0, 0, 0, 'Aman', 'Aman', 'Aman', 'Aman'),
(2725, '00812345286', 9, 3, 0, 0, 0, 0, 'Aman', 'Aman', 'Aman', 'Aman'),
(2726, '00812345287', 10, 3, 0, 500, 0, 500, 'Aman', 'SP3', 'Aman', 'SP3'),
(2727, '00812345288', 10, 3, 0, 0, 0, 0, 'Aman', 'Aman', 'Aman', 'Aman'),
(2728, '00812345289', 9, 3, 0, 0, 0, 0, 'Aman', 'Aman', 'Aman', 'Aman'),
(2729, '00812345290', 8, 3, 50, 0, 75, 125, 'Aman', 'Aman', 'Aman', 'Aman'),
(2730, '00812345291', 6, 3, 0, 0, 0, 0, 'Aman', 'Aman', 'Aman', 'Aman'),
(2731, '00812345292', 6, 3, 300, 950, 0, 1250, 'SP1', 'Sanksi oleh Sekolah', 'Aman', 'Sanksi oleh Sekolah'),
(2732, '00812345293', 6, 3, 500, 0, 50, 550, 'SP1', 'Aman', 'Aman', 'SP1'),
(2733, '00812345294', 9, 3, 0, 0, 0, 0, 'Aman', 'Aman', 'Aman', 'Aman'),
(2734, '00812345295', 7, 3, 0, 0, 0, 0, 'Aman', 'Aman', 'Aman', 'Aman'),
(2735, '00812345296', 8, 3, 0, 0, 0, 0, 'Aman', 'Aman', 'Aman', 'Aman'),
(2736, '00812345297', 8, 3, 0, 0, 0, 0, 'Aman', 'Aman', 'Aman', 'Aman'),
(2737, '00812345298', 8, 3, 0, 0, 0, 0, 'Aman', 'Aman', 'Aman', 'Aman'),
(2738, '00812345299', 8, 3, 0, 0, 0, 0, 'Aman', 'Aman', 'Aman', 'Aman'),
(2739, '00812345300', 9, 3, 0, 0, 0, 0, 'Aman', 'Aman', 'Aman', 'Aman'),
(2740, '00812345301', 7, 3, 0, 0, 0, 0, 'Aman', 'Aman', 'Aman', 'Aman'),
(2741, '00812345302', 7, 3, 0, 0, 0, 0, 'Aman', 'Aman', 'Aman', 'Aman'),
(2742, '00812345303', 10, 3, 0, 0, 0, 0, 'Aman', 'Aman', 'Aman', 'Aman'),
(2743, '00812345304', 9, 3, 9999, 300, 0, 10299, 'Sanksi oleh Sekolah', 'SP2', 'Aman', 'Sanksi oleh Sekolah'),
(2744, '00812345305', 7, 3, 0, 0, 0, 0, 'Aman', 'Aman', 'Aman', 'Aman'),
(2745, '00812345306', 6, 3, 0, 0, 0, 0, 'Aman', 'Aman', 'Aman', 'Aman'),
(2746, '00812345307', 8, 3, 0, 0, 0, 0, 'Aman', 'Aman', 'Aman', 'Aman'),
(2747, '00812345308', 6, 3, 300, 75, 0, 375, 'SP1', 'SP1', 'Aman', 'SP1'),
(2748, '00812345309', 6, 3, 0, 0, 0, 0, 'Aman', 'Aman', 'Aman', 'Aman'),
(2749, '00812345310', 10, 3, 0, 0, 0, 0, 'Aman', 'Aman', 'Aman', 'Aman'),
(2750, '00812345311', 9, 3, 0, 50, 125, 175, 'Aman', 'Aman', 'SP1', 'SP1'),
(2751, '00812345312', 6, 3, 0, 75, 0, 75, 'Aman', 'SP1', 'Aman', 'SP1'),
(2752, '00812345313', 7, 3, 0, 0, 0, 0, 'Aman', 'Aman', 'Aman', 'Aman'),
(2753, '00812345314', 6, 3, 0, 0, 0, 0, 'Aman', 'Aman', 'Aman', 'Aman'),
(2754, '00812345315', 8, 3, 0, 0, 0, 0, 'Aman', 'Aman', 'Aman', 'Aman'),
(2755, '00812345316', 7, 3, 0, 50, 0, 50, 'Aman', 'Aman', 'Aman', 'Aman'),
(2756, '00812345317', 6, 3, 0, 0, 0, 0, 'Aman', 'Aman', 'Aman', 'Aman'),
(2757, '00812345318', 9, 3, 0, 0, 0, 0, 'Aman', 'Aman', 'Aman', 'Aman'),
(2758, '00812345319', 9, 3, 0, 0, 0, 0, 'Aman', 'Aman', 'Aman', 'Aman'),
(2759, '00812345320', 8, 3, 0, 0, 0, 0, 'Aman', 'Aman', 'Aman', 'Aman'),
(2760, '00812345321', 8, 3, 0, 0, 100, 100, 'Aman', 'Aman', 'SP1', 'SP1'),
(2761, '00812345322', 8, 3, 0, 0, 0, 0, 'Aman', 'Aman', 'Aman', 'Aman'),
(2762, '00812345323', 9, 3, 0, 0, 0, 0, 'Aman', 'Aman', 'Aman', 'Aman'),
(2763, '00812345324', 10, 3, 0, 0, 0, 0, 'Aman', 'Aman', 'Aman', 'Aman'),
(2764, '00812345325', 7, 3, 0, 0, 0, 0, 'Aman', 'Aman', 'Aman', 'Aman'),
(2765, '00812345326', 8, 3, 0, 0, 0, 0, 'Aman', 'Aman', 'Aman', 'Aman'),
(2766, '00812345327', 8, 3, 0, 0, 0, 0, 'Aman', 'Aman', 'Aman', 'Aman'),
(2767, '00812345328', 9, 3, 0, 125, 50, 175, 'Aman', 'SP1', 'Aman', 'SP1'),
(2768, '00812345329', 6, 3, 0, 0, 0, 0, 'Aman', 'Aman', 'Aman', 'Aman'),
(2769, '00812345330', 10, 3, 0, 0, 100, 100, 'Aman', 'Aman', 'SP1', 'SP1'),
(2770, '00812345331', 4, 3, 0, 0, 0, 0, 'Aman', 'Aman', 'Aman', 'Aman'),
(2771, '00812345332', 4, 3, 0, 0, 0, 0, 'Aman', 'Aman', 'Aman', 'Aman'),
(2772, '00812345333', 3, 3, 0, 0, 0, 0, 'Aman', 'Aman', 'Aman', 'Aman'),
(2773, '00812345334', 2, 3, 0, 0, 0, 0, 'Aman', 'Aman', 'Aman', 'Aman'),
(2774, '00812345335', 4, 3, 0, 0, 0, 0, 'Aman', 'Aman', 'Aman', 'Aman'),
(2775, '00812345336', 1, 3, 0, 0, 0, 0, 'Aman', 'Aman', 'Aman', 'Aman'),
(2776, '00812345337', 3, 3, 0, 0, 0, 0, 'Aman', 'Aman', 'Aman', 'Aman'),
(2777, '00812345338', 1, 3, 0, 0, 0, 0, 'Aman', 'Aman', 'Aman', 'Aman'),
(2778, '00812345339', 5, 3, 0, 0, 0, 0, 'Aman', 'Aman', 'Aman', 'Aman'),
(2779, '00812345340', 3, 3, 0, 0, 0, 0, 'Aman', 'Aman', 'Aman', 'Aman'),
(2780, '00812345341', 3, 3, 0, 0, 0, 0, 'Aman', 'Aman', 'Aman', 'Aman'),
(2781, '00812345342', 5, 3, 0, 0, 0, 0, 'Aman', 'Aman', 'Aman', 'Aman'),
(2782, '00812345343', 2, 3, 0, 0, 0, 0, 'Aman', 'Aman', 'Aman', 'Aman'),
(2783, '00812345344', 5, 3, 0, 0, 100, 100, 'Aman', 'Aman', 'SP1', 'SP1'),
(2784, '00812345345', 2, 3, 0, 0, 0, 0, 'Aman', 'Aman', 'Aman', 'Aman'),
(2785, '00812345346', 3, 3, 0, 0, 0, 0, 'Aman', 'Aman', 'Aman', 'Aman'),
(2786, '00812345347', 1, 3, 0, 0, 0, 0, 'Aman', 'Aman', 'Aman', 'Aman'),
(2787, '00812345348', 5, 3, 0, 0, 0, 0, 'Aman', 'Aman', 'Aman', 'Aman'),
(2788, '00812345349', 5, 3, 0, 0, 0, 0, 'Aman', 'Aman', 'Aman', 'Aman'),
(2789, '00812345350', 3, 3, 0, 0, 0, 0, 'Aman', 'Aman', 'Aman', 'Aman'),
(2790, '00812345351', 2, 3, 0, 0, 0, 0, 'Aman', 'Aman', 'Aman', 'Aman'),
(2791, '00812345352', 4, 3, 0, 0, 0, 0, 'Aman', 'Aman', 'Aman', 'Aman'),
(2792, '00812345353', 3, 3, 0, 0, 0, 0, 'Aman', 'Aman', 'Aman', 'Aman'),
(2793, '00812345354', 3, 3, 0, 0, 0, 0, 'Aman', 'Aman', 'Aman', 'Aman'),
(2794, '00812345355', 4, 3, 0, 0, 0, 0, 'Aman', 'Aman', 'Aman', 'Aman'),
(2795, '00812345356', 3, 3, 0, 0, 0, 0, 'Aman', 'Aman', 'Aman', 'Aman'),
(2796, '00812345357', 3, 3, 0, 0, 0, 0, 'Aman', 'Aman', 'Aman', 'Aman'),
(2797, '00812345358', 1, 3, 0, 0, 0, 0, 'Aman', 'Aman', 'Aman', 'Aman'),
(2798, '00812345359', 5, 3, 0, 0, 0, 0, 'Aman', 'Aman', 'Aman', 'Aman'),
(2799, '00812345360', 3, 3, 0, 0, 0, 0, 'Aman', 'Aman', 'Aman', 'Aman'),
(2800, '00812345361', 5, 3, 0, 0, 0, 0, 'Aman', 'Aman', 'Aman', 'Aman'),
(2801, '00812345362', 3, 3, 0, 50, 0, 50, 'Aman', 'Aman', 'Aman', 'Aman'),
(2802, '00812345363', 3, 3, 50, 0, 50, 100, 'Aman', 'Aman', 'Aman', 'Aman'),
(2803, '00812345364', 5, 3, 0, 0, 0, 0, 'Aman', 'Aman', 'Aman', 'Aman'),
(2804, '00812345365', 4, 3, 0, 0, 0, 0, 'Aman', 'Aman', 'Aman', 'Aman'),
(2805, '00812345366', 1, 3, 0, 50, 0, 50, 'Aman', 'Aman', 'Aman', 'Aman'),
(2806, '00812345367', 1, 3, 0, 50, 100, 150, 'Aman', 'Aman', 'SP1', 'SP1'),
(2807, '00812345368', 3, 3, 0, 0, 0, 0, 'Aman', 'Aman', 'Aman', 'Aman'),
(2808, '00812345369', 4, 3, 0, 0, 75, 75, 'Aman', 'Aman', 'Aman', 'Aman'),
(2809, '00812345370', 3, 3, 0, 0, 0, 0, 'Aman', 'Aman', 'Aman', 'Aman'),
(2810, '00812345371', 1, 3, 0, 0, 0, 0, 'Aman', 'Aman', 'Aman', 'Aman'),
(2811, '00812345372', 3, 3, 0, 0, 0, 0, 'Aman', 'Aman', 'Aman', 'Aman'),
(2812, '00812345373', 3, 3, 0, 0, 0, 0, 'Aman', 'Aman', 'Aman', 'Aman'),
(2813, '00812345374', 4, 3, 0, 50, 0, 50, 'Aman', 'Aman', 'Aman', 'Aman'),
(2814, '00812345375', 4, 3, 0, 0, 0, 0, 'Aman', 'Aman', 'Aman', 'Aman'),
(2815, '00812345376', 4, 3, 0, 0, 0, 0, 'Aman', 'Aman', 'Aman', 'Aman'),
(2816, '00812345377', 3, 3, 0, 100, 50, 150, 'Aman', 'SP1', 'Aman', 'SP1'),
(2817, '00812345378', 5, 3, 0, 0, 0, 0, 'Aman', 'Aman', 'Aman', 'Aman'),
(2818, '00812345379', 3, 3, 0, 0, 0, 0, 'Aman', 'Aman', 'Aman', 'Aman'),
(2819, '00812345380', 1, 3, 0, 75, 0, 75, 'Aman', 'SP1', 'Aman', 'SP1'),
(2820, '00812345381', 1, 3, 0, 0, 0, 0, 'Aman', 'Aman', 'Aman', 'Aman'),
(2821, '00812345382', 5, 3, 0, 0, 0, 0, 'Aman', 'Aman', 'Aman', 'Aman'),
(2822, '00812345383', 3, 3, 0, 0, 0, 0, 'Aman', 'Aman', 'Aman', 'Aman'),
(2823, '00812345384', 1, 3, 0, 0, 0, 0, 'Aman', 'Aman', 'Aman', 'Aman'),
(2824, '00812345385', 1, 3, 0, 0, 0, 0, 'Aman', 'Aman', 'Aman', 'Aman'),
(2825, '00812345386', 1, 3, 0, 0, 0, 0, 'Aman', 'Aman', 'Aman', 'Aman'),
(2826, '00812345387', 3, 3, 0, 0, 0, 0, 'Aman', 'Aman', 'Aman', 'Aman'),
(2827, '00812345388', 4, 3, 0, 0, 0, 0, 'Aman', 'Aman', 'Aman', 'Aman'),
(2828, '00812345389', 4, 3, 0, 0, 0, 0, 'Aman', 'Aman', 'Aman', 'Aman'),
(2829, '00812345390', 4, 3, 0, 0, 0, 0, 'Aman', 'Aman', 'Aman', 'Aman'),
(2830, '00812345391', 2, 3, 0, 0, 0, 0, 'Aman', 'Aman', 'Aman', 'Aman'),
(2831, '00812345392', 2, 3, 0, 0, 0, 0, 'Aman', 'Aman', 'Aman', 'Aman'),
(2832, '00812345393', 2, 3, 0, 0, 0, 0, 'Aman', 'Aman', 'Aman', 'Aman'),
(2833, '00812345394', 3, 3, 0, 0, 0, 0, 'Aman', 'Aman', 'Aman', 'Aman'),
(2834, '00812345395', 4, 3, 0, 0, 0, 0, 'Aman', 'Aman', 'Aman', 'Aman'),
(2835, '00812345396', 3, 3, 0, 0, 0, 0, 'Aman', 'Aman', 'Aman', 'Aman'),
(2836, '00812345397', 5, 3, 0, 0, 0, 0, 'Aman', 'Aman', 'Aman', 'Aman'),
(2837, '00812345398', 2, 3, 0, 0, 50, 50, 'Aman', 'Aman', 'Aman', 'Aman'),
(2838, '00812345399', 5, 3, 0, 0, 0, 0, 'Aman', 'Aman', 'Aman', 'Aman'),
(2839, '00812345400', 1, 3, 0, 75, 0, 75, 'Aman', 'SP1', 'Aman', 'SP1'),
(2840, '00812345401', 3, 3, 10099, 550, 50, 10699, 'Sanksi oleh Sekolah', 'SP3', 'Aman', 'Sanksi oleh Sekolah'),
(2841, '00812345402', 4, 3, 0, 0, 0, 0, 'Aman', 'Aman', 'Aman', 'Aman'),
(2842, '00812345403', 5, 3, 0, 0, 0, 0, 'Aman', 'Aman', 'Aman', 'Aman'),
(2843, '00812345404', 4, 3, 0, 0, 0, 0, 'Aman', 'Aman', 'Aman', 'Aman'),
(2844, '00812345405', 3, 3, 0, 0, 0, 0, 'Aman', 'Aman', 'Aman', 'Aman'),
(2845, '00812345406', 5, 3, 300, 300, 250, 850, 'SP1', 'SP2', 'SP1', 'SP2'),
(2846, '00812345407', 4, 3, 0, 0, 0, 0, 'Aman', 'Aman', 'Aman', 'Aman'),
(2847, '00812345408', 2, 3, 0, 0, 0, 0, 'Aman', 'Aman', 'Aman', 'Aman'),
(2848, '00812345409', 2, 3, 0, 0, 0, 0, 'Aman', 'Aman', 'Aman', 'Aman'),
(2849, '00812345410', 5, 3, 0, 0, 0, 0, 'Aman', 'Aman', 'Aman', 'Aman'),
(2850, '00812345411', 3, 3, 0, 0, 0, 0, 'Aman', 'Aman', 'Aman', 'Aman'),
(2851, '00812345412', 4, 3, 0, 0, 0, 0, 'Aman', 'Aman', 'Aman', 'Aman'),
(2852, '00812345413', 4, 3, 0, 550, 0, 550, 'Aman', 'SP3', 'Aman', 'SP3'),
(2853, '00812345414', 1, 3, 0, 0, 0, 0, 'Aman', 'Aman', 'Aman', 'Aman'),
(2854, '00812345415', 2, 3, 0, 0, 0, 0, 'Aman', 'Aman', 'Aman', 'Aman'),
(2855, '00812345416', 5, 3, 0, 75, 0, 75, 'Aman', 'SP1', 'Aman', 'SP1'),
(2856, '00812345417', 5, 3, 0, 0, 0, 0, 'Aman', 'Aman', 'Aman', 'Aman'),
(2857, '00812345418', 5, 3, 0, 0, 0, 0, 'Aman', 'Aman', 'Aman', 'Aman'),
(2858, '00812345419', 1, 3, 0, 0, 0, 0, 'Aman', 'Aman', 'Aman', 'Aman'),
(2859, '00812345420', 1, 3, 0, 0, 0, 0, 'Aman', 'Aman', 'Aman', 'Aman'),
(2860, '00812345421', 4, 3, 0, 0, 0, 0, 'Aman', 'Aman', 'Aman', 'Aman'),
(2861, '00812345422', 5, 3, 0, 0, 0, 0, 'Aman', 'Aman', 'Aman', 'Aman'),
(2862, '00812345423', 3, 3, 0, 0, 0, 0, 'Aman', 'Aman', 'Aman', 'Aman'),
(2863, '00812345424', 3, 3, 0, 0, 0, 0, 'Aman', 'Aman', 'Aman', 'Aman'),
(2864, '00812345425', 4, 3, 0, 0, 0, 0, 'Aman', 'Aman', 'Aman', 'Aman'),
(2865, '00812345426', 5, 3, 0, 0, 0, 0, 'Aman', 'Aman', 'Aman', 'Aman'),
(2866, '00812345427', 2, 3, 0, 0, 0, 0, 'Aman', 'Aman', 'Aman', 'Aman'),
(2867, '00812345428', 5, 3, 0, 25, 0, 25, 'Aman', 'Aman', 'Aman', 'Aman'),
(2868, '00812345429', 3, 3, 0, 25, 0, 25, 'Aman', 'Aman', 'Aman', 'Aman'),
(2869, '00812345430', 4, 3, 0, 0, 0, 0, 'Aman', 'Aman', 'Aman', 'Aman'),
(2870, '00812345431', 5, 3, 0, 0, 0, 0, 'Aman', 'Aman', 'Aman', 'Aman'),
(2871, '00812345432', 2, 3, 0, 0, 0, 0, 'Aman', 'Aman', 'Aman', 'Aman'),
(2872, '00812345433', 4, 3, 0, 0, 0, 0, 'Aman', 'Aman', 'Aman', 'Aman'),
(2873, '00812345434', 2, 3, 0, 0, 0, 0, 'Aman', 'Aman', 'Aman', 'Aman'),
(2874, '00812345435', 4, 3, 0, 50, 0, 50, 'Aman', 'Aman', 'Aman', 'Aman'),
(2875, '00812345436', 1, 3, 0, 0, 0, 0, 'Aman', 'Aman', 'Aman', 'Aman'),
(2876, '00812345437', 2, 3, 0, 0, 0, 0, 'Aman', 'Aman', 'Aman', 'Aman'),
(2877, '00812345438', 4, 3, 0, 0, 0, 0, 'Aman', 'Aman', 'Aman', 'Aman'),
(2878, '00812345439', 2, 3, 0, 25, 50, 75, 'Aman', 'Aman', 'Aman', 'Aman'),
(2879, '00812345440', 4, 3, 0, 0, 0, 0, 'Aman', 'Aman', 'Aman', 'Aman');

-- FASE: tb_pelanggaran_header
INSERT INTO tb_pelanggaran_header (id_transaksi, id_anggota, id_guru, id_tahun, tanggal, waktu, semester, tipe_form, status_revisi, alasan_revisi) VALUES
(2000, 2031, 2, 1, '2023-09-12', '13:09:00', 'Ganjil', 'Kelas', 'None', NULL),
(2001, 2058, 21, 1, '2023-08-10', '12:40:00', 'Ganjil', 'Kelas', 'None', NULL),
(2002, 2076, 15, 1, '2024-02-06', '11:54:00', 'Genap', 'Piket', 'None', NULL),
(2003, 2214, 16, 1, '2024-05-22', '09:56:00', 'Genap', 'Kelas', 'None', NULL),
(2004, 2177, 26, 1, '2023-09-09', '13:00:00', 'Ganjil', 'Kelas', 'None', NULL),
(2005, 2027, 23, 1, '2023-12-09', '11:29:00', 'Ganjil', 'Kelas', 'None', NULL),
(2006, 2202, 6, 1, '2024-02-16', '13:51:00', 'Genap', 'Piket', 'None', NULL),
(2007, 2000, 9, 1, '2023-08-26', '07:36:00', 'Ganjil', 'Kelas', 'None', NULL),
(2008, 2035, 18, 1, '2024-05-20', '11:16:00', 'Genap', 'Piket', 'None', NULL),
(2009, 2094, 4, 1, '2023-10-14', '11:28:00', 'Ganjil', 'Kelas', 'None', NULL),
(2010, 2138, 11, 1, '2024-01-13', '07:59:00', 'Genap', 'Kelas', 'None', NULL),
(2011, 2035, 22, 1, '2023-10-01', '11:30:00', 'Ganjil', 'Piket', 'None', NULL),
(2012, 2195, 3, 1, '2023-10-27', '09:25:00', 'Ganjil', 'Kelas', 'None', NULL),
(2013, 2016, 12, 1, '2024-02-18', '12:43:00', 'Genap', 'Kelas', 'None', NULL),
(2014, 2006, 26, 1, '2024-03-14', '08:50:00', 'Genap', 'Piket', 'None', NULL),
(2015, 2013, 17, 1, '2023-08-06', '12:50:00', 'Ganjil', 'Kelas', 'None', NULL),
(2016, 2195, 20, 1, '2024-01-15', '12:57:00', 'Genap', 'Piket', 'None', NULL),
(2017, 2121, 24, 1, '2024-03-28', '08:50:00', 'Genap', 'Kelas', 'None', NULL),
(2018, 2103, 6, 1, '2024-02-01', '10:43:00', 'Genap', 'Piket', 'None', NULL),
(2019, 2148, 14, 1, '2024-05-06', '08:17:00', 'Genap', 'Kelas', 'None', NULL),
(2020, 2103, 13, 1, '2023-11-24', '14:57:00', 'Ganjil', 'Piket', 'None', NULL),
(2021, 2035, 10, 1, '2024-01-23', '11:03:00', 'Genap', 'Piket', 'None', NULL),
(2022, 2045, 25, 1, '2023-10-19', '11:30:00', 'Ganjil', 'Kelas', 'None', NULL),
(2023, 2205, 21, 1, '2024-01-11', '14:11:00', 'Genap', 'Kelas', 'None', NULL),
(2024, 2195, 21, 1, '2024-02-24', '08:15:00', 'Genap', 'Kelas', 'None', NULL),
(2025, 2088, 26, 1, '2024-02-01', '08:20:00', 'Genap', 'Piket', 'None', NULL),
(2026, 2130, 5, 1, '2024-05-15', '13:25:00', 'Genap', 'Piket', 'None', NULL),
(2027, 2016, 5, 1, '2023-11-16', '07:52:00', 'Ganjil', 'Kelas', 'None', NULL),
(2028, 2167, 18, 1, '2023-09-08', '08:21:00', 'Ganjil', 'Piket', 'None', NULL),
(2029, 2042, 6, 1, '2024-05-04', '07:46:00', 'Genap', 'Piket', 'None', NULL),
(2030, 2006, 9, 1, '2023-08-23', '11:14:00', 'Ganjil', 'Piket', 'None', NULL),
(2031, 2088, 26, 1, '2024-01-20', '10:18:00', 'Genap', 'Kelas', 'None', NULL),
(2032, 2016, 12, 1, '2024-01-14', '08:35:00', 'Genap', 'Piket', 'None', NULL),
(2033, 2035, 16, 1, '2023-11-27', '10:07:00', 'Ganjil', 'Piket', 'None', NULL),
(2034, 2006, 3, 1, '2023-09-27', '11:00:00', 'Ganjil', 'Piket', 'None', NULL),
(2035, 2021, 13, 1, '2024-01-01', '11:31:00', 'Genap', 'Piket', 'None', NULL),
(2036, 2202, 20, 1, '2023-12-18', '07:36:00', 'Ganjil', 'Piket', 'None', NULL),
(2037, 2022, 24, 1, '2024-01-14', '10:51:00', 'Genap', 'Kelas', 'None', NULL),
(2038, 2205, 9, 1, '2024-02-18', '14:39:00', 'Genap', 'Kelas', 'None', NULL),
(2039, 2035, 12, 1, '2023-10-17', '11:00:00', 'Ganjil', 'Kelas', 'None', NULL),
(2040, 2022, 5, 1, '2023-10-17', '09:23:00', 'Ganjil', 'Kelas', 'None', NULL),
(2041, 2073, 4, 1, '2024-01-07', '12:43:00', 'Genap', 'Kelas', 'None', NULL),
(2042, 2167, 26, 1, '2024-05-22', '08:58:00', 'Genap', 'Piket', 'None', NULL),
(2043, 2083, 21, 1, '2024-04-01', '14:10:00', 'Genap', 'Kelas', 'None', NULL),
(2044, 2103, 13, 1, '2024-03-10', '14:58:00', 'Genap', 'Kelas', 'None', NULL),
(2045, 2107, 12, 1, '2023-12-19', '09:42:00', 'Ganjil', 'Kelas', 'None', NULL),
(2046, 2000, 4, 1, '2024-05-09', '09:25:00', 'Genap', 'Piket', 'None', NULL),
(2047, 2058, 25, 1, '2023-09-07', '07:52:00', 'Ganjil', 'Kelas', 'None', NULL),
(2048, 2058, 25, 1, '2023-11-18', '11:54:00', 'Ganjil', 'Piket', 'None', NULL),
(2049, 2035, 2, 1, '2023-08-17', '10:12:00', 'Ganjil', 'Piket', 'None', NULL),
(2050, 2436, 13, 2, '2024-08-22', '08:27:00', 'Ganjil', 'Kelas', 'None', NULL),
(2051, 2429, 5, 2, '2024-12-01', '12:49:00', 'Ganjil', 'Piket', 'None', NULL),
(2052, 2266, 25, 2, '2025-05-05', '11:42:00', 'Genap', 'Piket', 'None', NULL),
(2053, 2234, 27, 2, '2025-05-25', '10:17:00', 'Genap', 'Piket', 'None', NULL),
(2054, 2346, 11, 2, '2025-04-18', '10:24:00', 'Genap', 'Piket', 'None', NULL),
(2055, 2306, 21, 2, '2024-10-15', '14:40:00', 'Ganjil', 'Kelas', 'None', NULL),
(2056, 2309, 20, 2, '2025-04-25', '13:01:00', 'Genap', 'Piket', 'None', NULL),
(2057, 2345, 2, 2, '2025-01-22', '08:42:00', 'Genap', 'Kelas', 'None', NULL),
(2058, 2413, 13, 2, '2025-03-18', '10:11:00', 'Genap', 'Piket', 'Disetujui', 'Salah pilih nama siswa di form'),
(2059, 2281, 24, 2, '2025-05-05', '09:40:00', 'Genap', 'Kelas', 'None', NULL),
(2060, 2436, 19, 2, '2025-02-18', '09:29:00', 'Genap', 'Kelas', 'None', NULL),
(2061, 2515, 1, 2, '2025-02-25', '11:04:00', 'Genap', 'Kelas', 'Ditolak', 'Bukti valid, revisi ditolak'),
(2062, 2479, 25, 2, '2025-02-13', '12:41:00', 'Genap', 'Kelas', 'None', NULL),
(2063, 2402, 21, 2, '2024-09-10', '14:37:00', 'Ganjil', 'Kelas', 'None', NULL),
(2064, 2391, 22, 2, '2024-09-22', '09:23:00', 'Ganjil', 'Piket', 'None', NULL),
(2065, 2400, 20, 2, '2024-10-02', '11:29:00', 'Ganjil', 'Kelas', 'None', NULL),
(2066, 2422, 7, 2, '2025-04-25', '07:01:00', 'Genap', 'Kelas', 'None', NULL),
(2067, 2455, 6, 2, '2024-12-03', '10:39:00', 'Ganjil', 'Kelas', 'None', NULL),
(2068, 2367, 24, 2, '2025-04-17', '07:46:00', 'Genap', 'Kelas', 'None', NULL),
(2069, 2234, 18, 2, '2024-12-11', '07:56:00', 'Ganjil', 'Kelas', 'None', NULL),
(2070, 2485, 25, 2, '2024-12-25', '10:48:00', 'Ganjil', 'Kelas', 'None', NULL),
(2071, 2411, 22, 2, '2024-12-04', '08:00:00', 'Ganjil', 'Piket', 'None', NULL),
(2072, 2281, 27, 2, '2025-04-11', '14:25:00', 'Genap', 'Kelas', 'None', NULL),
(2073, 2444, 17, 2, '2024-09-21', '11:06:00', 'Ganjil', 'Piket', 'None', NULL),
(2074, 2405, 26, 2, '2024-10-28', '12:08:00', 'Ganjil', 'Kelas', 'None', NULL),
(2075, 2318, 9, 2, '2024-11-21', '14:13:00', 'Ganjil', 'Piket', 'None', NULL),
(2076, 2478, 19, 2, '2024-12-25', '08:10:00', 'Ganjil', 'Kelas', 'None', NULL),
(2077, 2371, 1, 2, '2024-12-15', '12:17:00', 'Ganjil', 'Piket', 'None', NULL),
(2078, 2321, 22, 2, '2025-03-26', '10:30:00', 'Genap', 'Kelas', 'None', NULL),
(2079, 2272, 25, 2, '2025-02-04', '07:16:00', 'Genap', 'Piket', 'None', NULL),
(2080, 2221, 1, 2, '2025-05-28', '12:35:00', 'Genap', 'Kelas', 'None', NULL),
(2081, 2318, 12, 2, '2024-08-24', '11:56:00', 'Ganjil', 'Kelas', 'None', NULL),
(2082, 2290, 2, 2, '2024-11-12', '14:57:00', 'Ganjil', 'Kelas', 'None', NULL),
(2083, 2371, 13, 2, '2024-10-24', '08:05:00', 'Ganjil', 'Piket', 'Disetujui', 'Salah pilih nama siswa di form'),
(2084, 2478, 16, 2, '2025-05-16', '11:04:00', 'Genap', 'Piket', 'None', NULL),
(2085, 2418, 17, 2, '2025-05-15', '08:41:00', 'Genap', 'Kelas', 'None', NULL),
(2086, 2267, 17, 2, '2024-11-25', '13:14:00', 'Ganjil', 'Kelas', 'None', NULL),
(2087, 2397, 20, 2, '2024-12-05', '14:39:00', 'Ganjil', 'Piket', 'None', NULL),
(2088, 2478, 10, 2, '2024-11-10', '10:25:00', 'Ganjil', 'Piket', 'None', NULL),
(2089, 2266, 22, 2, '2024-12-16', '10:58:00', 'Ganjil', 'Piket', 'None', NULL),
(2090, 2516, 15, 2, '2025-01-17', '14:24:00', 'Genap', 'Kelas', 'None', NULL),
(2091, 2346, 10, 2, '2024-12-09', '07:42:00', 'Ganjil', 'Piket', 'None', NULL),
(2092, 2492, 14, 2, '2025-03-11', '08:31:00', 'Genap', 'Piket', 'None', NULL),
(2093, 2313, 8, 2, '2024-12-12', '11:55:00', 'Ganjil', 'Piket', 'None', NULL),
(2094, 2282, 16, 2, '2025-04-10', '13:39:00', 'Genap', 'Piket', 'None', NULL),
(2095, 2489, 21, 2, '2025-01-16', '11:15:00', 'Genap', 'Piket', 'None', NULL),
(2096, 2274, 9, 2, '2024-12-22', '10:27:00', 'Ganjil', 'Kelas', 'None', NULL),
(2097, 2295, 1, 2, '2025-01-24', '07:17:00', 'Genap', 'Kelas', 'None', NULL),
(2098, 2474, 20, 2, '2024-08-28', '11:49:00', 'Ganjil', 'Kelas', 'None', NULL),
(2099, 2243, 26, 2, '2025-01-06', '09:26:00', 'Genap', 'Piket', 'None', NULL),
(2100, 2240, 4, 2, '2025-02-22', '12:58:00', 'Genap', 'Piket', 'None', NULL),
(2101, 2376, 10, 2, '2025-03-26', '14:01:00', 'Genap', 'Piket', 'None', NULL),
(2102, 2478, 16, 2, '2025-04-19', '07:49:00', 'Genap', 'Piket', 'None', NULL),
(2103, 2474, 7, 2, '2025-02-15', '09:27:00', 'Genap', 'Piket', 'None', NULL),
(2104, 2306, 25, 2, '2025-02-23', '10:30:00', 'Genap', 'Piket', 'None', NULL),
(2105, 2455, 1, 2, '2024-08-15', '14:03:00', 'Ganjil', 'Kelas', 'None', NULL),
(2106, 2274, 24, 2, '2024-08-28', '07:57:00', 'Ganjil', 'Piket', 'None', NULL),
(2107, 2281, 10, 2, '2025-04-15', '08:48:00', 'Genap', 'Piket', 'None', NULL),
(2108, 2507, 13, 2, '2024-10-11', '07:39:00', 'Ganjil', 'Kelas', 'None', NULL),
(2109, 2340, 13, 2, '2024-11-12', '11:25:00', 'Ganjil', 'Kelas', 'None', NULL),
(2110, 2259, 26, 2, '2024-08-08', '11:22:00', 'Ganjil', 'Piket', 'None', NULL),
(2111, 2455, 14, 2, '2024-09-27', '14:11:00', 'Ganjil', 'Piket', 'None', NULL),
(2112, 2243, 20, 2, '2025-05-19', '13:01:00', 'Genap', 'Kelas', 'None', NULL),
(2113, 2400, 15, 2, '2024-09-11', '13:11:00', 'Ganjil', 'Kelas', 'None', NULL),
(2114, 2376, 22, 2, '2024-08-23', '12:49:00', 'Ganjil', 'Kelas', 'None', NULL),
(2115, 2375, 21, 2, '2024-10-05', '14:49:00', 'Ganjil', 'Piket', 'None', NULL),
(2116, 2411, 10, 2, '2024-10-19', '13:47:00', 'Ganjil', 'Kelas', 'None', NULL),
(2117, 2516, 6, 2, '2025-03-03', '11:27:00', 'Genap', 'Piket', 'None', NULL),
(2118, 2492, 22, 2, '2024-09-01', '11:26:00', 'Ganjil', 'Kelas', 'None', NULL),
(2119, 2478, 27, 2, '2024-10-21', '13:11:00', 'Ganjil', 'Kelas', 'None', NULL),
(2120, 2414, 7, 2, '2024-10-16', '14:41:00', 'Ganjil', 'Piket', 'None', NULL),
(2121, 2402, 12, 2, '2024-08-18', '13:00:00', 'Ganjil', 'Kelas', 'None', NULL),
(2122, 2427, 12, 2, '2025-02-17', '10:12:00', 'Genap', 'Piket', 'None', NULL),
(2123, 2459, 10, 2, '2024-10-24', '09:21:00', 'Ganjil', 'Kelas', 'None', NULL),
(2124, 2400, 8, 2, '2025-02-24', '13:40:00', 'Genap', 'Piket', 'None', NULL),
(2125, 2353, 15, 2, '2024-08-18', '13:46:00', 'Ganjil', 'Piket', 'None', NULL),
(2126, 2234, 18, 2, '2025-05-15', '13:29:00', 'Genap', 'Kelas', 'None', NULL),
(2127, 2438, 1, 2, '2024-11-19', '07:20:00', 'Ganjil', 'Piket', 'None', NULL),
(2128, 2422, 22, 2, '2025-03-19', '09:19:00', 'Genap', 'Piket', 'None', NULL),
(2129, 2340, 21, 2, '2024-08-19', '12:00:00', 'Ganjil', 'Piket', 'None', NULL),
(2130, 2706, 13, 3, '2026-05-24', '07:39:00', 'Genap', 'Kelas', 'None', NULL),
(2131, 2840, 10, 3, '2026-03-21', '09:58:00', 'Genap', 'Kelas', 'None', NULL),
(2132, 2661, 14, 3, '2025-10-24', '09:41:00', 'Ganjil', 'Kelas', 'None', NULL),
(2133, 2802, 21, 3, '2025-09-16', '13:49:00', 'Ganjil', 'Piket', 'None', NULL),
(2134, 2816, 1, 3, '2026-03-01', '09:58:00', 'Genap', 'Piket', 'None', NULL),
(2135, 2852, 18, 3, '2026-03-04', '13:32:00', 'Genap', 'Piket', 'None', NULL),
(2136, 2598, 2, 3, '2026-01-14', '09:21:00', 'Genap', 'Kelas', 'None', NULL),
(2137, 2729, 15, 3, '2026-02-06', '08:57:00', 'Genap', 'Kelas', 'None', NULL),
(2138, 2580, 9, 3, '2025-12-19', '07:48:00', 'Ganjil', 'Kelas', 'None', NULL),
(2139, 2699, 13, 3, '2025-11-28', '13:40:00', 'Ganjil', 'Kelas', 'None', NULL),
(2140, 2732, 11, 3, '2026-01-11', '14:11:00', 'Genap', 'Kelas', 'None', NULL),
(2141, 2852, 9, 3, '2026-03-25', '14:42:00', 'Genap', 'Kelas', 'None', NULL),
(2142, 2750, 24, 3, '2026-05-28', '14:56:00', 'Genap', 'Piket', 'None', NULL),
(2143, 2767, 10, 3, '2026-02-05', '09:59:00', 'Genap', 'Piket', 'None', NULL),
(2144, 2584, 23, 3, '2026-01-25', '08:03:00', 'Genap', 'Kelas', 'None', NULL),
(2145, 2568, 12, 3, '2025-10-14', '10:18:00', 'Ganjil', 'Piket', 'None', NULL),
(2146, 2845, 3, 3, '2026-03-19', '07:01:00', 'Genap', 'Piket', 'None', NULL),
(2147, 2840, 19, 3, '2025-12-06', '13:57:00', 'Ganjil', 'Kelas', 'None', NULL),
(2148, 2644, 22, 3, '2026-02-18', '12:24:00', 'Genap', 'Piket', 'None', NULL),
(2149, 2604, 11, 3, '2026-01-08', '13:18:00', 'Genap', 'Piket', 'None', NULL),
(2150, 2616, 1, 3, '2025-09-23', '07:30:00', 'Ganjil', 'Kelas', 'None', NULL),
(2151, 2673, 5, 3, '2025-08-28', '08:38:00', 'Ganjil', 'Piket', 'None', NULL),
(2152, 2572, 8, 3, '2025-09-13', '09:44:00', 'Ganjil', 'Piket', 'None', NULL),
(2153, 2575, 5, 3, '2025-11-06', '14:03:00', 'Ganjil', 'Kelas', 'None', NULL),
(2154, 2816, 2, 3, '2026-02-28', '14:45:00', 'Genap', 'Piket', 'None', NULL),
(2155, 2613, 21, 3, '2026-03-26', '11:17:00', 'Genap', 'Piket', 'None', NULL),
(2156, 2731, 6, 3, '2026-03-12', '10:40:00', 'Genap', 'Piket', 'None', NULL),
(2157, 2641, 18, 3, '2025-08-11', '14:16:00', 'Ganjil', 'Kelas', 'None', NULL),
(2158, 2747, 1, 3, '2025-10-06', '11:17:00', 'Ganjil', 'Kelas', 'None', NULL),
(2159, 2584, 19, 3, '2026-04-18', '12:03:00', 'Genap', 'Piket', 'None', NULL),
(2160, 2767, 17, 3, '2026-02-06', '09:33:00', 'Genap', 'Kelas', 'None', NULL),
(2161, 2878, 14, 3, '2026-03-10', '13:51:00', 'Genap', 'Kelas', 'None', NULL),
(2162, 2750, 21, 3, '2026-04-23', '11:03:00', 'Genap', 'Piket', 'None', NULL),
(2163, 2731, 25, 3, '2025-10-22', '13:55:00', 'Ganjil', 'Kelas', 'None', NULL),
(2164, 2755, 15, 3, '2026-03-10', '07:05:00', 'Genap', 'Piket', 'None', NULL),
(2165, 2767, 12, 3, '2026-01-13', '10:19:00', 'Genap', 'Kelas', 'None', NULL),
(2166, 2661, 7, 3, '2026-05-10', '10:06:00', 'Genap', 'Piket', 'None', NULL),
(2167, 2840, 27, 3, '2026-04-28', '14:16:00', 'Genap', 'Kelas', 'None', NULL),
(2168, 2646, 11, 3, '2025-12-01', '10:09:00', 'Ganjil', 'Piket', 'None', NULL),
(2169, 2694, 9, 3, '2025-11-27', '14:59:00', 'Ganjil', 'Kelas', 'None', NULL),
(2170, 2707, 25, 3, '2026-01-17', '10:41:00', 'Genap', 'Piket', 'None', NULL),
(2171, 2651, 27, 3, '2025-11-10', '07:44:00', 'Ganjil', 'Kelas', 'None', NULL),
(2172, 2743, 27, 3, '2025-11-21', '13:26:00', 'Ganjil', 'Kelas', 'None', NULL),
(2173, 2750, 22, 3, '2026-03-18', '12:10:00', 'Genap', 'Kelas', 'None', NULL),
(2174, 2627, 23, 3, '2026-01-07', '09:16:00', 'Genap', 'Kelas', 'None', NULL),
(2175, 2633, 16, 3, '2025-10-14', '14:16:00', 'Ganjil', 'Piket', 'None', NULL),
(2176, 2613, 26, 3, '2025-10-28', '10:27:00', 'Ganjil', 'Piket', 'None', NULL),
(2177, 2584, 12, 3, '2026-03-08', '14:43:00', 'Genap', 'Kelas', 'None', NULL),
(2178, 2644, 26, 3, '2026-01-14', '12:18:00', 'Genap', 'Kelas', 'None', NULL),
(2179, 2855, 18, 3, '2025-12-05', '08:33:00', 'Ganjil', 'Piket', 'None', NULL),
(2180, 2598, 1, 3, '2025-10-21', '10:47:00', 'Ganjil', 'Kelas', 'None', NULL),
(2181, 2867, 9, 3, '2025-09-06', '07:07:00', 'Ganjil', 'Piket', 'None', NULL),
(2182, 2690, 25, 3, '2026-01-17', '09:05:00', 'Genap', 'Piket', 'None', NULL),
(2183, 2687, 17, 3, '2025-10-18', '09:27:00', 'Ganjil', 'Kelas', 'Disetujui', 'Salah pilih nama siswa di form'),
(2184, 2702, 9, 3, '2025-08-16', '14:35:00', 'Ganjil', 'Kelas', 'None', NULL),
(2185, 2806, 21, 3, '2026-05-12', '09:54:00', 'Genap', 'Piket', 'None', NULL),
(2186, 2694, 12, 3, '2025-10-22', '10:06:00', 'Ganjil', 'Piket', 'None', NULL),
(2187, 2837, 17, 3, '2026-04-23', '11:14:00', 'Genap', 'Piket', 'None', NULL),
(2188, 2699, 8, 3, '2025-11-12', '08:30:00', 'Ganjil', 'Kelas', 'None', NULL),
(2189, 2747, 7, 3, '2026-05-20', '14:25:00', 'Genap', 'Piket', 'None', NULL),
(2190, 2732, 26, 3, '2025-08-02', '12:14:00', 'Ganjil', 'Piket', 'None', NULL),
(2191, 2840, 13, 3, '2026-04-01', '08:16:00', 'Genap', 'Kelas', 'None', NULL),
(2192, 2651, 26, 3, '2025-12-14', '09:02:00', 'Ganjil', 'Kelas', 'None', NULL),
(2193, 2553, 6, 3, '2026-03-07', '08:01:00', 'Genap', 'Kelas', 'None', NULL),
(2194, 2808, 23, 3, '2025-09-26', '09:26:00', 'Ganjil', 'Kelas', 'None', NULL),
(2195, 2657, 6, 3, '2025-10-26', '10:14:00', 'Ganjil', 'Piket', 'None', NULL),
(2196, 2603, 21, 3, '2026-03-04', '14:20:00', 'Genap', 'Kelas', 'Ditolak', 'Bukti valid, revisi ditolak'),
(2197, 2699, 26, 3, '2026-01-19', '09:02:00', 'Genap', 'Piket', 'None', NULL),
(2198, 2721, 20, 3, '2026-05-06', '11:06:00', 'Genap', 'Kelas', 'None', NULL),
(2199, 2726, 8, 3, '2025-10-18', '07:12:00', 'Ganjil', 'Piket', 'None', NULL),
(2200, 2616, 9, 3, '2025-11-05', '09:47:00', 'Ganjil', 'Kelas', 'None', NULL),
(2201, 2845, 22, 3, '2025-08-02', '08:53:00', 'Ganjil', 'Piket', 'None', NULL),
(2202, 2660, 13, 3, '2026-05-09', '13:33:00', 'Genap', 'Kelas', 'None', NULL),
(2203, 2707, 7, 3, '2026-01-06', '08:12:00', 'Genap', 'Piket', 'None', NULL),
(2204, 2629, 24, 3, '2025-08-11', '09:18:00', 'Ganjil', 'Piket', 'None', NULL),
(2205, 2681, 7, 3, '2025-08-19', '13:31:00', 'Ganjil', 'Piket', 'None', NULL),
(2206, 2816, 24, 3, '2026-04-12', '07:36:00', 'Genap', 'Kelas', 'None', NULL),
(2207, 2690, 9, 3, '2025-12-07', '09:54:00', 'Ganjil', 'Kelas', 'None', NULL),
(2208, 2629, 19, 3, '2026-04-19', '13:35:00', 'Genap', 'Kelas', 'None', NULL),
(2209, 2801, 20, 3, '2026-04-20', '11:47:00', 'Genap', 'Kelas', 'None', NULL),
(2210, 2813, 26, 3, '2026-05-10', '13:49:00', 'Genap', 'Kelas', 'None', NULL),
(2211, 2819, 16, 3, '2025-11-24', '13:20:00', 'Ganjil', 'Kelas', 'None', NULL),
(2212, 2802, 3, 3, '2026-04-03', '08:45:00', 'Genap', 'Piket', 'None', NULL),
(2213, 2646, 12, 3, '2025-12-15', '11:17:00', 'Ganjil', 'Kelas', 'None', NULL),
(2214, 2769, 16, 3, '2025-09-02', '14:02:00', 'Ganjil', 'Piket', 'None', NULL),
(2215, 2806, 10, 3, '2026-04-03', '14:46:00', 'Genap', 'Piket', 'None', NULL),
(2216, 2604, 16, 3, '2025-10-22', '11:59:00', 'Ganjil', 'Piket', 'None', NULL),
(2217, 2783, 20, 3, '2026-01-08', '12:26:00', 'Genap', 'Kelas', 'None', NULL),
(2218, 2660, 16, 3, '2026-01-07', '09:46:00', 'Genap', 'Kelas', 'None', NULL),
(2219, 2878, 11, 3, '2026-04-22', '11:08:00', 'Genap', 'Piket', 'Disetujui', 'Salah pilih nama siswa di form'),
(2220, 2731, 18, 3, '2025-08-03', '08:56:00', 'Ganjil', 'Piket', 'None', NULL),
(2221, 2731, 15, 3, '2026-01-09', '12:52:00', 'Genap', 'Piket', 'None', NULL),
(2222, 2604, 4, 3, '2026-02-03', '10:19:00', 'Genap', 'Piket', 'None', NULL),
(2223, 2661, 9, 3, '2025-10-21', '08:05:00', 'Ganjil', 'Piket', 'None', NULL),
(2224, 2603, 13, 3, '2025-12-22', '14:01:00', 'Ganjil', 'Piket', 'None', NULL),
(2225, 2584, 11, 3, '2025-09-20', '11:43:00', 'Ganjil', 'Piket', 'None', NULL),
(2226, 2660, 27, 3, '2026-01-01', '11:28:00', 'Genap', 'Piket', 'None', NULL),
(2227, 2845, 22, 3, '2026-01-18', '12:22:00', 'Genap', 'Piket', 'None', NULL),
(2228, 2678, 22, 3, '2025-10-11', '13:36:00', 'Ganjil', 'Kelas', 'None', NULL),
(2229, 2874, 24, 3, '2026-01-22', '10:07:00', 'Genap', 'Piket', 'None', NULL),
(2230, 2616, 3, 3, '2025-11-13', '14:43:00', 'Ganjil', 'Kelas', 'None', NULL),
(2231, 2840, 18, 3, '2025-10-20', '08:57:00', 'Ganjil', 'Piket', 'None', NULL),
(2232, 2845, 1, 3, '2025-10-22', '09:53:00', 'Ganjil', 'Kelas', 'None', NULL),
(2233, 2839, 7, 3, '2026-02-01', '13:39:00', 'Genap', 'Kelas', 'None', NULL),
(2234, 2718, 23, 3, '2026-05-13', '14:09:00', 'Genap', 'Piket', 'None', NULL),
(2235, 2805, 23, 3, '2025-08-19', '10:15:00', 'Ganjil', 'Kelas', 'None', NULL),
(2236, 2729, 4, 3, '2025-08-12', '11:10:00', 'Ganjil', 'Piket', 'None', NULL),
(2237, 2702, 24, 3, '2025-09-23', '14:16:00', 'Ganjil', 'Kelas', 'None', NULL),
(2238, 2660, 15, 3, '2025-11-23', '09:34:00', 'Ganjil', 'Piket', 'None', NULL),
(2239, 2605, 23, 3, '2026-03-10', '12:46:00', 'Genap', 'Kelas', 'None', NULL),
(2240, 2731, 12, 3, '2025-10-01', '09:53:00', 'Ganjil', 'Piket', 'None', NULL),
(2241, 2661, 16, 3, '2025-10-23', '09:48:00', 'Ganjil', 'Kelas', 'None', NULL),
(2242, 2868, 9, 3, '2026-02-07', '08:12:00', 'Genap', 'Kelas', 'None', NULL),
(2243, 2721, 17, 3, '2025-11-24', '09:08:00', 'Ganjil', 'Piket', 'None', NULL),
(2244, 2743, 5, 3, '2026-05-06', '09:05:00', 'Genap', 'Kelas', 'None', NULL),
(2245, 2686, 13, 3, '2026-05-06', '08:30:00', 'Genap', 'Kelas', 'None', NULL),
(2246, 2845, 15, 3, '2026-05-06', '07:52:00', 'Genap', 'Kelas', 'None', NULL),
(2247, 2575, 11, 3, '2026-05-06', '11:53:00', 'Genap', 'Kelas', 'None', NULL),
(2248, 2845, 3, 3, '2026-05-06', '10:43:00', 'Genap', 'Kelas', 'None', NULL),
(2249, 2760, 2, 3, '2026-05-06', '13:38:00', 'Genap', 'Kelas', 'None', NULL),
(2250, 2690, 3, 3, '2026-05-06', '10:08:00', 'Genap', 'Kelas', 'None', NULL),
(2251, 2677, 18, 3, '2026-05-06', '09:43:00', 'Genap', 'Kelas', 'None', NULL),
(2252, 2553, 5, 3, '2026-05-06', '09:56:00', 'Genap', 'Kelas', 'None', NULL),
(2253, 2641, 27, 3, '2026-05-06', '08:03:00', 'Genap', 'Kelas', 'None', NULL),
(2254, 2661, 1, 3, '2026-05-06', '12:49:00', 'Genap', 'Kelas', 'None', NULL),
(2255, 2603, 26, 3, '2026-05-06', '09:15:00', 'Genap', 'Kelas', 'None', NULL),
(2256, 2592, 16, 3, '2026-05-06', '09:43:00', 'Genap', 'Piket', 'None', NULL),
(2257, 2553, 21, 3, '2026-05-06', '12:24:00', 'Genap', 'Kelas', 'None', NULL),
(2258, 2571, 8, 3, '2026-05-06', '09:11:00', 'Genap', 'Piket', 'None', NULL),
(2259, 2751, 19, 3, '2026-05-06', '09:28:00', 'Genap', 'Kelas', 'None', NULL);

-- FASE: tb_pelanggaran_detail
INSERT INTO tb_pelanggaran_detail (id_detail, id_transaksi, id_jenis, poin_saat_itu) VALUES
(2000, 2000, 60, 100),
(2001, 2001, 60, 100),
(2002, 2002, 47, 25),
(2003, 2003, 40, 75),
(2004, 2004, 63, 50),
(2005, 2005, 47, 25),
(2006, 2006, 68, 50),
(2007, 2007, 48, 50),
(2008, 2008, 23, 500),
(2009, 2009, 66, 100),
(2010, 2010, 61, 50),
(2011, 2011, 18, 500),
(2012, 2012, 18, 500),
(2013, 2013, 43, 50),
(2014, 2014, 4, 500),
(2015, 2015, 43, 50),
(2016, 2016, 55, 50),
(2017, 2017, 65, 50),
(2018, 2018, 22, 300),
(2019, 2019, 52, 50),
(2020, 2020, 64, 50),
(2021, 2021, 38, 25),
(2022, 2022, 47, 25),
(2023, 2023, 62, 50),
(2024, 2024, 15, 100),
(2025, 2025, 48, 50),
(2026, 2026, 47, 25),
(2027, 2027, 45, 50),
(2028, 2028, 41, 300),
(2029, 2029, 51, 50),
(2030, 2030, 60, 100),
(2031, 2031, 47, 25),
(2032, 2032, 41, 300),
(2033, 2033, 42, 500),
(2034, 2034, 46, 75),
(2035, 2035, 24, 300),
(2036, 2036, 69, 50),
(2037, 2037, 39, 75),
(2038, 2038, 43, 50),
(2039, 2039, 49, 50),
(2040, 2040, 42, 500),
(2041, 2041, 59, 100),
(2042, 2042, 65, 50),
(2043, 2043, 62, 50),
(2044, 2044, 49, 50),
(2045, 2045, 38, 25),
(2046, 2046, 53, 75),
(2047, 2047, 46, 75),
(2048, 2048, 67, 50),
(2049, 2049, 52, 50),
(2050, 2050, 40, 75),
(2051, 2051, 68, 50),
(2052, 2052, 18, 500),
(2053, 2053, 49, 50),
(2054, 2054, 45, 50),
(2055, 2055, 50, 50),
(2056, 2056, 69, 50),
(2057, 2057, 66, 100),
(2058, 2058, 50, 50),
(2059, 2059, 40, 75),
(2060, 2060, 70, 25),
(2061, 2061, 41, 300),
(2062, 2062, 25, 300),
(2063, 2063, 41, 300),
(2064, 2064, 43, 50),
(2065, 2065, 8, 100),
(2066, 2066, 33, 300),
(2067, 2067, 39, 75),
(2068, 2068, 63, 50),
(2069, 2069, 54, 75),
(2070, 2070, 39, 75),
(2071, 2071, 10, 100),
(2072, 2072, 51, 50),
(2073, 2073, 52, 50),
(2074, 2074, 65, 50),
(2075, 2075, 35, 50),
(2076, 2076, 11, 100),
(2077, 2077, 52, 50),
(2078, 2078, 21, 9999),
(2079, 2079, 57, 50),
(2080, 2080, 39, 75),
(2081, 2081, 11, 100),
(2082, 2082, 30, 50),
(2083, 2083, 51, 50),
(2084, 2084, 59, 100),
(2085, 2085, 7, 100),
(2086, 2086, 22, 300),
(2087, 2087, 69, 50),
(2088, 2088, 55, 50),
(2089, 2089, 45, 50),
(2090, 2090, 59, 100),
(2091, 2091, 64, 50),
(2092, 2092, 68, 50),
(2093, 2093, 39, 75),
(2094, 2094, 33, 300),
(2095, 2095, 42, 500),
(2096, 2096, 44, 50),
(2097, 2097, 44, 50),
(2098, 2098, 42, 500),
(2099, 2099, 38, 25),
(2100, 2100, 21, 9999),
(2101, 2101, 36, 50),
(2102, 2102, 4, 500),
(2103, 2103, 67, 50),
(2104, 2104, 49, 50),
(2105, 2105, 43, 50),
(2106, 2106, 40, 75),
(2107, 2107, 48, 50),
(2108, 2108, 44, 50),
(2109, 2109, 22, 300),
(2110, 2110, 41, 300),
(2111, 2111, 11, 100),
(2112, 2112, 51, 50),
(2113, 2113, 52, 50),
(2114, 2114, 28, 75),
(2115, 2115, 45, 50),
(2116, 2116, 56, 50),
(2117, 2117, 69, 50),
(2118, 2118, 45, 50),
(2119, 2119, 61, 50),
(2120, 2120, 48, 50),
(2121, 2121, 40, 75),
(2122, 2122, 15, 100),
(2123, 2123, 44, 50),
(2124, 2124, 46, 75),
(2125, 2125, 39, 75),
(2126, 2126, 50, 50),
(2127, 2127, 38, 25),
(2128, 2128, 51, 50),
(2129, 2129, 48, 50),
(2130, 2130, 47, 25),
(2131, 2131, 42, 500),
(2132, 2132, 49, 50),
(2133, 2133, 30, 50),
(2134, 2134, 58, 50),
(2135, 2135, 50, 50),
(2136, 2136, 19, 300),
(2137, 2137, 53, 75),
(2138, 2138, 13, 100),
(2139, 2139, 48, 50),
(2140, 2140, 4, 500),
(2141, 2141, 42, 500),
(2142, 2142, 61, 50),
(2143, 2143, 39, 75),
(2144, 2144, 49, 50),
(2145, 2145, 30, 50),
(2146, 2146, 57, 50),
(2147, 2147, 64, 50),
(2148, 2148, 39, 75),
(2149, 2149, 41, 300),
(2150, 2150, 47, 25),
(2151, 2151, 60, 100),
(2152, 2152, 45, 50),
(2153, 2153, 47, 25),
(2154, 2154, 45, 50),
(2155, 2155, 66, 100),
(2156, 2156, 41, 300),
(2157, 2157, 69, 50),
(2158, 2158, 25, 300),
(2159, 2159, 62, 50),
(2160, 2160, 67, 50),
(2161, 2161, 58, 50),
(2162, 2162, 45, 50),
(2163, 2163, 44, 50),
(2164, 2164, 50, 50),
(2165, 2165, 45, 50),
(2166, 2166, 63, 50),
(2167, 2167, 45, 50),
(2168, 2168, 50, 50),
(2169, 2169, 39, 75),
(2170, 2170, 47, 25),
(2171, 2171, 63, 50),
(2172, 2172, 41, 300),
(2173, 2173, 54, 75),
(2174, 2174, 48, 50),
(2175, 2175, 52, 50),
(2176, 2176, 43, 50),
(2177, 2177, 40, 75),
(2178, 2178, 45, 50),
(2179, 2179, 39, 75),
(2180, 2180, 40, 75),
(2181, 2181, 47, 25),
(2182, 2182, 62, 50),
(2183, 2183, 32, 50),
(2184, 2184, 51, 50),
(2185, 2185, 66, 100),
(2186, 2186, 55, 50),
(2187, 2187, 69, 50),
(2188, 2188, 55, 50),
(2189, 2189, 40, 75),
(2190, 2190, 61, 50),
(2191, 2191, 21, 9999),
(2192, 2192, 44, 50),
(2193, 2193, 60, 100),
(2194, 2194, 54, 75),
(2195, 2195, 66, 100),
(2196, 2196, 46, 75),
(2197, 2197, 40, 75),
(2198, 2198, 49, 50),
(2199, 2199, 42, 500),
(2200, 2200, 21, 9999),
(2201, 2201, 63, 50),
(2202, 2202, 41, 300),
(2203, 2203, 44, 50),
(2204, 2204, 9, 100),
(2205, 2205, 59, 100),
(2206, 2206, 45, 50),
(2207, 2207, 66, 100),
(2208, 2208, 50, 50),
(2209, 2209, 50, 50),
(2210, 2210, 49, 50),
(2211, 2211, 46, 75),
(2212, 2212, 64, 50),
(2213, 2213, 4, 500),
(2214, 2214, 60, 100),
(2215, 2215, 52, 50),
(2216, 2216, 63, 50),
(2217, 2217, 66, 100),
(2218, 2218, 27, 300),
(2219, 2219, 38, 25),
(2220, 2220, 41, 300),
(2221, 2221, 41, 300),
(2222, 2222, 56, 50),
(2223, 2223, 44, 50),
(2224, 2224, 66, 100),
(2225, 2225, 52, 50),
(2226, 2226, 38, 25),
(2227, 2227, 54, 75),
(2228, 2228, 37, 300),
(2229, 2229, 48, 50),
(2230, 2230, 25, 300),
(2231, 2231, 15, 100),
(2232, 2232, 19, 300),
(2233, 2233, 39, 75),
(2234, 2234, 8, 100),
(2235, 2235, 49, 50),
(2236, 2236, 34, 50),
(2237, 2237, 31, 50),
(2238, 2238, 4, 500),
(2239, 2239, 51, 50),
(2240, 2240, 17, 300),
(2241, 2241, 60, 100),
(2242, 2242, 47, 25),
(2243, 2243, 41, 300),
(2244, 2244, 21, 9999),
(2245, 2245, 6, 200),
(2246, 2246, 53, 75),
(2247, 2247, 56, 50),
(2248, 2248, 41, 300),
(2249, 2249, 66, 100),
(2250, 2250, 68, 50),
(2251, 2251, 33, 300),
(2252, 2252, 44, 50),
(2253, 2253, 1, 100),
(2254, 2254, 38, 25),
(2255, 2255, 52, 50),
(2256, 2256, 49, 50),
(2257, 2257, 10, 100),
(2258, 2258, 51, 50),
(2259, 2259, 46, 75);

-- FASE: tb_pelanggaran_sanksi
INSERT INTO tb_pelanggaran_sanksi (id_trans_sanksi, id_transaksi, id_sanksi_ref) VALUES
(2000, 2000, 1),
(2001, 2001, 1),
(2002, 2002, 1),
(2003, 2003, 7),
(2004, 2003, 8),
(2005, 2004, 1),
(2006, 2005, 1),
(2007, 2006, 1),
(2008, 2007, 2),
(2009, 2008, 1),
(2010, 2008, 7),
(2011, 2008, 8),
(2012, 2008, 9),
(2013, 2009, 1),
(2014, 2009, 7),
(2015, 2010, 1),
(2016, 2010, 2),
(2017, 2010, 5),
(2018, 2010, 7),
(2019, 2011, 7),
(2020, 2011, 8),
(2021, 2011, 9),
(2022, 2011, 10),
(2023, 2012, 7),
(2024, 2012, 8),
(2025, 2012, 9),
(2026, 2012, 10),
(2027, 2013, 1),
(2028, 2013, 2),
(2029, 2014, 1),
(2030, 2014, 4),
(2031, 2014, 7),
(2032, 2015, 1),
(2033, 2015, 2),
(2034, 2016, 1),
(2035, 2017, 1),
(2036, 2018, 1),
(2037, 2018, 7),
(2038, 2019, 7),
(2039, 2020, 1),
(2040, 2021, 2),
(2041, 2021, 5),
(2042, 2021, 7),
(2043, 2021, 8),
(2044, 2022, 1),
(2045, 2023, 1),
(2046, 2024, 1),
(2047, 2024, 2),
(2048, 2024, 7),
(2049, 2024, 8),
(2050, 2025, 2),
(2051, 2026, 1),
(2052, 2027, 1),
(2053, 2027, 2),
(2054, 2028, 1),
(2055, 2028, 7),
(2056, 2029, 2),
(2057, 2030, 1),
(2058, 2031, 1),
(2059, 2032, 1),
(2060, 2032, 7),
(2061, 2033, 1),
(2062, 2033, 7),
(2063, 2033, 8),
(2064, 2033, 9),
(2065, 2034, 7),
(2066, 2034, 8),
(2067, 2035, 1),
(2068, 2035, 2),
(2069, 2035, 7),
(2070, 2035, 8),
(2071, 2035, 9),
(2072, 2036, 1),
(2073, 2037, 7),
(2074, 2037, 8),
(2075, 2038, 1),
(2076, 2038, 2),
(2077, 2039, 2),
(2078, 2040, 1),
(2079, 2040, 7),
(2080, 2040, 8),
(2081, 2040, 9),
(2082, 2041, 1),
(2083, 2042, 1),
(2084, 2043, 1),
(2085, 2044, 2),
(2086, 2045, 2),
(2087, 2045, 5),
(2088, 2045, 7),
(2089, 2045, 8),
(2090, 2046, 1),
(2091, 2046, 2),
(2092, 2046, 5),
(2093, 2046, 7),
(2094, 2047, 7),
(2095, 2047, 8),
(2096, 2048, 1),
(2097, 2049, 7),
(2098, 2050, 7),
(2099, 2050, 8),
(2100, 2051, 1),
(2101, 2052, 7),
(2102, 2052, 8),
(2103, 2052, 9),
(2104, 2052, 10),
(2105, 2053, 2),
(2106, 2054, 1),
(2107, 2054, 2),
(2108, 2055, 7),
(2109, 2055, 8),
(2110, 2056, 1),
(2111, 2057, 1),
(2112, 2057, 7),
(2113, 2058, 7),
(2114, 2058, 8),
(2115, 2059, 7),
(2116, 2059, 8),
(2117, 2060, 1),
(2118, 2061, 1),
(2119, 2061, 7),
(2120, 2062, 10),
(2121, 2063, 1),
(2122, 2063, 7),
(2123, 2064, 1),
(2124, 2064, 2),
(2125, 2065, 1),
(2126, 2065, 5),
(2127, 2065, 7),
(2128, 2065, 8),
(2129, 2065, 9),
(2130, 2066, 1),
(2131, 2066, 5),
(2132, 2067, 7),
(2133, 2067, 8),
(2134, 2068, 1),
(2135, 2069, 1),
(2136, 2069, 2),
(2137, 2069, 5),
(2138, 2069, 7),
(2139, 2070, 7),
(2140, 2070, 8),
(2141, 2071, 1),
(2142, 2071, 2),
(2143, 2071, 5),
(2144, 2071, 8),
(2145, 2072, 2),
(2146, 2073, 7),
(2147, 2074, 1),
(2148, 2075, 1),
(2149, 2075, 2),
(2150, 2076, 1),
(2151, 2076, 2),
(2152, 2077, 7),
(2153, 2078, 10),
(2154, 2079, 1),
(2155, 2080, 7),
(2156, 2080, 8),
(2157, 2081, 1),
(2158, 2081, 2),
(2159, 2082, 1),
(2160, 2082, 2),
(2161, 2083, 2),
(2162, 2084, 1),
(2163, 2085, 1),
(2164, 2086, 1),
(2165, 2086, 7),
(2166, 2087, 1),
(2167, 2088, 1),
(2168, 2089, 1),
(2169, 2089, 2),
(2170, 2090, 1),
(2171, 2091, 1),
(2172, 2092, 1),
(2173, 2093, 7),
(2174, 2093, 8),
(2175, 2094, 1),
(2176, 2094, 5),
(2177, 2095, 1),
(2178, 2095, 7),
(2179, 2095, 8),
(2180, 2095, 9),
(2181, 2096, 1),
(2182, 2096, 2),
(2183, 2097, 1),
(2184, 2097, 2),
(2185, 2098, 1),
(2186, 2098, 7),
(2187, 2098, 8),
(2188, 2098, 9),
(2189, 2099, 2),
(2190, 2099, 5),
(2191, 2099, 7),
(2192, 2099, 8),
(2193, 2100, 10),
(2194, 2101, 1),
(2195, 2101, 2),
(2196, 2101, 6),
(2197, 2102, 1),
(2198, 2102, 4),
(2199, 2102, 7),
(2200, 2103, 1),
(2201, 2104, 2),
(2202, 2105, 1),
(2203, 2105, 2),
(2204, 2106, 7),
(2205, 2106, 8),
(2206, 2107, 2),
(2207, 2108, 1),
(2208, 2108, 2),
(2209, 2109, 1),
(2210, 2109, 7),
(2211, 2110, 1),
(2212, 2110, 7),
(2213, 2111, 1),
(2214, 2111, 2),
(2215, 2112, 2),
(2216, 2113, 7),
(2217, 2114, 1),
(2218, 2114, 3),
(2219, 2115, 1),
(2220, 2115, 2),
(2221, 2116, 1),
(2222, 2117, 1),
(2223, 2118, 1),
(2224, 2118, 2),
(2225, 2119, 1),
(2226, 2119, 2),
(2227, 2119, 5),
(2228, 2119, 7),
(2229, 2120, 2),
(2230, 2121, 7),
(2231, 2121, 8),
(2232, 2122, 1),
(2233, 2122, 2),
(2234, 2122, 7),
(2235, 2122, 8),
(2236, 2123, 1),
(2237, 2123, 2),
(2238, 2124, 7),
(2239, 2124, 8),
(2240, 2125, 7),
(2241, 2125, 8),
(2242, 2126, 7),
(2243, 2126, 8),
(2244, 2127, 2),
(2245, 2127, 5),
(2246, 2127, 7),
(2247, 2127, 8),
(2248, 2128, 2),
(2249, 2129, 2),
(2250, 2130, 1),
(2251, 2131, 1),
(2252, 2131, 7),
(2253, 2131, 8),
(2254, 2131, 9),
(2255, 2132, 2),
(2256, 2133, 1),
(2257, 2133, 2),
(2258, 2134, 5),
(2259, 2135, 7),
(2260, 2135, 8),
(2261, 2136, 7),
(2262, 2136, 8),
(2263, 2137, 1),
(2264, 2137, 2),
(2265, 2137, 5),
(2266, 2137, 7),
(2267, 2138, 1),
(2268, 2138, 2),
(2269, 2138, 7),
(2270, 2138, 8),
(2271, 2139, 2),
(2272, 2140, 1),
(2273, 2140, 4),
(2274, 2140, 7),
(2275, 2141, 1),
(2276, 2141, 7),
(2277, 2141, 8),
(2278, 2141, 9),
(2279, 2142, 1),
(2280, 2142, 2),
(2281, 2142, 5),
(2282, 2142, 7),
(2283, 2143, 7),
(2284, 2143, 8),
(2285, 2144, 2),
(2286, 2145, 1),
(2287, 2145, 2),
(2288, 2146, 1),
(2289, 2147, 1),
(2290, 2148, 7),
(2291, 2148, 8),
(2292, 2149, 1),
(2293, 2149, 7),
(2294, 2150, 1),
(2295, 2151, 1),
(2296, 2152, 1),
(2297, 2152, 2),
(2298, 2153, 1),
(2299, 2154, 1),
(2300, 2154, 2),
(2301, 2155, 1),
(2302, 2155, 7),
(2303, 2156, 1),
(2304, 2156, 7),
(2305, 2157, 1),
(2306, 2158, 10),
(2307, 2159, 1),
(2308, 2160, 1),
(2309, 2161, 5),
(2310, 2162, 1),
(2311, 2162, 2),
(2312, 2163, 1),
(2313, 2163, 2),
(2314, 2164, 7),
(2315, 2164, 8),
(2316, 2165, 1),
(2317, 2165, 2),
(2318, 2166, 1),
(2319, 2167, 1),
(2320, 2167, 2),
(2321, 2168, 7),
(2322, 2168, 8),
(2323, 2169, 7),
(2324, 2169, 8),
(2325, 2170, 1),
(2326, 2171, 1),
(2327, 2172, 1),
(2328, 2172, 7),
(2329, 2173, 1),
(2330, 2173, 2),
(2331, 2173, 5),
(2332, 2173, 7),
(2333, 2174, 2),
(2334, 2175, 7),
(2335, 2176, 1),
(2336, 2176, 2),
(2337, 2177, 7),
(2338, 2177, 8),
(2339, 2178, 1),
(2340, 2178, 2),
(2341, 2179, 7),
(2342, 2179, 8),
(2343, 2180, 7),
(2344, 2180, 8),
(2345, 2181, 1),
(2346, 2182, 1),
(2347, 2183, 1),
(2348, 2183, 2),
(2349, 2184, 2),
(2350, 2185, 1),
(2351, 2185, 7),
(2352, 2186, 1),
(2353, 2187, 1),
(2354, 2188, 1),
(2355, 2189, 7),
(2356, 2189, 8),
(2357, 2190, 1),
(2358, 2190, 2),
(2359, 2190, 5),
(2360, 2190, 7),
(2361, 2191, 10),
(2362, 2192, 1),
(2363, 2192, 2),
(2364, 2193, 1),
(2365, 2194, 1),
(2366, 2194, 2),
(2367, 2194, 5),
(2368, 2194, 7),
(2369, 2195, 1),
(2370, 2195, 7),
(2371, 2196, 7),
(2372, 2196, 8),
(2373, 2197, 7),
(2374, 2197, 8),
(2375, 2198, 2),
(2376, 2199, 1),
(2377, 2199, 7),
(2378, 2199, 8),
(2379, 2199, 9),
(2380, 2200, 10),
(2381, 2201, 1),
(2382, 2202, 1),
(2383, 2202, 7),
(2384, 2203, 1),
(2385, 2203, 2),
(2386, 2204, 1),
(2387, 2205, 1),
(2388, 2206, 1),
(2389, 2206, 2),
(2390, 2207, 1),
(2391, 2207, 7),
(2392, 2208, 7),
(2393, 2208, 8),
(2394, 2209, 7),
(2395, 2209, 8),
(2396, 2210, 2),
(2397, 2211, 7),
(2398, 2211, 8),
(2399, 2212, 1),
(2400, 2213, 1),
(2401, 2213, 4),
(2402, 2213, 7),
(2403, 2214, 1),
(2404, 2215, 7),
(2405, 2216, 1),
(2406, 2217, 1),
(2407, 2217, 7),
(2408, 2218, 1),
(2409, 2218, 7),
(2410, 2218, 8),
(2411, 2219, 2),
(2412, 2219, 5),
(2413, 2219, 7),
(2414, 2219, 8),
(2415, 2220, 1),
(2416, 2220, 7),
(2417, 2221, 1),
(2418, 2221, 7),
(2419, 2222, 1),
(2420, 2223, 1),
(2421, 2223, 2),
(2422, 2224, 1),
(2423, 2224, 7),
(2424, 2225, 7),
(2425, 2226, 2),
(2426, 2226, 5),
(2427, 2226, 7),
(2428, 2226, 8),
(2429, 2227, 1),
(2430, 2227, 2),
(2431, 2227, 5),
(2432, 2227, 7),
(2433, 2228, 1),
(2434, 2228, 7),
(2435, 2228, 8),
(2436, 2228, 9),
(2437, 2229, 2),
(2438, 2230, 10),
(2439, 2231, 1),
(2440, 2231, 2),
(2441, 2231, 7),
(2442, 2231, 8),
(2443, 2232, 7),
(2444, 2232, 8),
(2445, 2233, 7),
(2446, 2233, 8),
(2447, 2234, 1),
(2448, 2234, 5),
(2449, 2234, 7),
(2450, 2234, 8),
(2451, 2234, 9),
(2452, 2235, 2),
(2453, 2236, 1),
(2454, 2236, 2),
(2455, 2237, 1),
(2456, 2237, 2),
(2457, 2238, 1),
(2458, 2238, 4),
(2459, 2238, 7),
(2460, 2239, 2),
(2461, 2240, 7),
(2462, 2240, 8),
(2463, 2241, 1),
(2464, 2242, 1),
(2465, 2243, 1),
(2466, 2243, 7),
(2467, 2244, 10),
(2468, 2245, 1),
(2469, 2245, 5),
(2470, 2246, 1),
(2471, 2246, 2),
(2472, 2246, 5),
(2473, 2246, 7),
(2474, 2247, 1),
(2475, 2248, 1),
(2476, 2248, 7),
(2477, 2249, 1),
(2478, 2249, 7),
(2479, 2250, 1),
(2480, 2251, 1),
(2481, 2251, 5),
(2482, 2252, 1),
(2483, 2252, 2),
(2484, 2253, 5),
(2485, 2254, 2),
(2486, 2254, 5),
(2487, 2254, 7),
(2488, 2254, 8),
(2489, 2255, 7),
(2490, 2256, 2),
(2491, 2257, 1),
(2492, 2257, 2),
(2493, 2257, 5),
(2494, 2257, 8),
(2495, 2258, 2),
(2496, 2259, 7),
(2497, 2259, 8);

-- FASE: tb_riwayat_sp
INSERT INTO tb_riwayat_sp (id_sp, id_anggota, tingkat_sp, kategori_pemicu, tanggal_terbit, status) VALUES
(2000, 2031, 'SP1', 'KERAPIAN', '2023-09-27', 'Selesai'),
(2001, 2058, 'SP1', 'KERAJINAN', '2023-08-02', 'Selesai'),
(2002, 2058, 'SP1', 'KERAPIAN', '2023-09-27', 'Selesai'),
(2003, 2214, 'SP1', 'KERAJINAN', '2023-10-03', 'Selesai'),
(2004, 2202, 'SP1', 'KERAPIAN', '2023-10-23', 'Selesai'),
(2005, 2035, 'SP1', 'KELAKUAN', '2023-09-04', 'Selesai'),
(2006, 2035, 'SP2', 'KELAKUAN', '2023-12-22', 'Selesai'),
(2007, 2035, 'SP1', 'KERAJINAN', '2023-08-28', 'Selesai'),
(2008, 2035, 'SP2', 'KERAJINAN', '2023-11-13', 'Selesai'),
(2009, 2035, 'SP3', 'KERAJINAN', '2024-01-20', 'Selesai'),
(2010, 2035, 'Sanksi oleh Sekolah', 'KERAJINAN', '2024-03-16', 'Selesai'),
(2011, 2094, 'SP1', 'KERAPIAN', '2023-08-07', 'Selesai'),
(2012, 2195, 'SP1', 'KELAKUAN', '2023-08-24', 'Selesai'),
(2013, 2016, 'SP1', 'KERAJINAN', '2023-10-11', 'Selesai'),
(2014, 2016, 'SP2', 'KERAJINAN', '2023-12-26', 'Selesai'),
(2015, 2006, 'SP1', 'KELAKUAN', '2023-08-12', 'Selesai'),
(2016, 2006, 'SP1', 'KERAJINAN', '2023-09-15', 'Selesai'),
(2017, 2006, 'SP1', 'KERAPIAN', '2023-09-22', 'Selesai'),
(2018, 2103, 'SP1', 'KELAKUAN', '2023-08-16', 'Selesai'),
(2019, 2088, 'SP1', 'KERAJINAN', '2023-10-06', 'Selesai'),
(2020, 2167, 'SP1', 'KERAJINAN', '2023-08-16', 'Selesai'),
(2021, 2167, 'SP2', 'KERAJINAN', '2023-12-17', 'Selesai'),
(2022, 2021, 'SP1', 'KELAKUAN', '2023-10-02', 'Selesai'),
(2023, 2022, 'SP1', 'KERAJINAN', '2023-10-01', 'Selesai'),
(2024, 2022, 'SP2', 'KERAJINAN', '2023-12-26', 'Selesai'),
(2025, 2022, 'SP3', 'KERAJINAN', '2024-04-07', 'Selesai'),
(2026, 2073, 'SP1', 'KERAPIAN', '2023-10-06', 'Selesai'),
(2027, 2436, 'SP1', 'KERAJINAN', '2024-09-04', 'Selesai'),
(2028, 2266, 'SP1', 'KELAKUAN', '2024-08-03', 'Selesai'),
(2029, 2234, 'SP1', 'KERAJINAN', '2024-09-17', 'Selesai'),
(2030, 2306, 'SP1', 'KERAJINAN', '2024-08-03', 'Selesai'),
(2031, 2345, 'SP1', 'KERAPIAN', '2024-10-01', 'Selesai'),
(2032, 2281, 'SP1', 'KERAJINAN', '2024-09-28', 'Selesai'),
(2033, 2515, 'SP1', 'KERAJINAN', '2024-10-12', 'Selesai'),
(2034, 2515, 'SP2', 'KERAJINAN', '2024-12-12', 'Selesai'),
(2035, 2479, 'SP1', 'KELAKUAN', '2024-09-07', 'Selesai'),
(2036, 2402, 'SP1', 'KERAJINAN', '2024-09-17', 'Selesai'),
(2037, 2402, 'SP2', 'KERAJINAN', '2024-11-07', 'Selesai'),
(2038, 2400, 'SP1', 'KERAJINAN', '2024-08-01', 'Selesai'),
(2039, 2422, 'SP1', 'KELAKUAN', '2024-08-07', 'Selesai'),
(2040, 2455, 'SP1', 'KERAJINAN', '2024-08-12', 'Selesai'),
(2041, 2485, 'SP1', 'KERAJINAN', '2024-08-22', 'Selesai'),
(2042, 2478, 'SP1', 'KELAKUAN', '2024-10-13', 'Selesai'),
(2043, 2478, 'SP1', 'KERAPIAN', '2024-10-26', 'Selesai'),
(2044, 2371, 'SP1', 'KERAJINAN', '2024-10-02', 'Selesai'),
(2045, 2321, 'SP1', 'KELAKUAN', '2024-10-13', 'Selesai'),
(2046, 2321, 'SP2', 'KELAKUAN', '2024-12-22', 'Selesai'),
(2047, 2321, 'SP3', 'KELAKUAN', '2025-01-11', 'Selesai'),
(2048, 2321, 'Sanksi oleh Sekolah', 'KELAKUAN', '2025-02-11', 'Selesai'),
(2049, 2221, 'SP1', 'KERAJINAN', '2024-08-10', 'Selesai'),
(2050, 2267, 'SP1', 'KELAKUAN', '2024-10-14', 'Selesai'),
(2051, 2516, 'SP1', 'KERAPIAN', '2024-10-01', 'Selesai'),
(2052, 2313, 'SP1', 'KERAJINAN', '2024-08-09', 'Selesai'),
(2053, 2282, 'SP1', 'KELAKUAN', '2024-10-04', 'Selesai'),
(2054, 2489, 'SP1', 'KERAJINAN', '2024-10-28', 'Selesai'),
(2055, 2489, 'SP2', 'KERAJINAN', '2024-12-16', 'Selesai'),
(2056, 2489, 'SP3', 'KERAJINAN', '2025-03-25', 'Selesai'),
(2057, 2274, 'SP1', 'KERAJINAN', '2024-08-05', 'Selesai'),
(2058, 2474, 'SP1', 'KERAJINAN', '2024-08-07', 'Selesai'),
(2059, 2474, 'SP2', 'KERAJINAN', '2024-11-22', 'Selesai'),
(2060, 2474, 'SP3', 'KERAJINAN', '2025-01-03', 'Selesai'),
(2061, 2243, 'SP1', 'KERAJINAN', '2024-09-23', 'Selesai'),
(2062, 2240, 'SP1', 'KELAKUAN', '2024-09-18', 'Selesai'),
(2063, 2240, 'SP2', 'KELAKUAN', '2024-12-21', 'Selesai'),
(2064, 2240, 'SP3', 'KELAKUAN', '2025-04-24', 'Selesai'),
(2065, 2240, 'Sanksi oleh Sekolah', 'KELAKUAN', '2025-03-04', 'Selesai'),
(2066, 2340, 'SP1', 'KELAKUAN', '2024-08-08', 'Selesai'),
(2067, 2259, 'SP1', 'KERAJINAN', '2024-08-04', 'Selesai'),
(2068, 2259, 'SP2', 'KERAJINAN', '2024-11-20', 'Selesai'),
(2069, 2353, 'SP1', 'KERAJINAN', '2024-09-22', 'Selesai'),
(2070, 2840, 'SP1', 'KELAKUAN', '2025-10-25', 'Selesai'),
(2071, 2840, 'SP2', 'KELAKUAN', '2025-11-03', 'Selesai'),
(2072, 2840, 'SP3', 'KELAKUAN', '2026-03-27', 'Selesai'),
(2073, 2840, 'Sanksi oleh Sekolah', 'KELAKUAN', '2026-02-17', 'Selesai'),
(2074, 2840, 'SP1', 'KERAJINAN', '2025-10-17', 'Selesai'),
(2075, 2840, 'SP2', 'KERAJINAN', '2025-11-06', 'Selesai'),
(2076, 2840, 'SP3', 'KERAJINAN', '2026-01-17', 'Selesai'),
(2077, 2661, 'SP1', 'KERAJINAN', '2025-09-14', 'Selesai'),
(2078, 2661, 'SP1', 'KERAPIAN', '2025-08-24', 'Selesai'),
(2079, 2816, 'SP1', 'KERAJINAN', '2025-09-10', 'Selesai'),
(2080, 2852, 'SP1', 'KERAJINAN', '2025-09-04', 'Selesai'),
(2081, 2852, 'SP2', 'KERAJINAN', '2025-12-02', 'Selesai'),
(2082, 2852, 'SP3', 'KERAJINAN', '2026-03-12', 'Selesai'),
(2083, 2598, 'SP1', 'KELAKUAN', '2025-10-01', 'Selesai'),
(2084, 2598, 'SP1', 'KERAJINAN', '2025-09-05', 'Selesai'),
(2085, 2699, 'SP1', 'KERAJINAN', '2025-09-18', 'Selesai'),
(2086, 2732, 'SP1', 'KELAKUAN', '2025-08-10', 'Selesai'),
(2087, 2750, 'SP1', 'KERAPIAN', '2025-10-07', 'Selesai'),
(2088, 2767, 'SP1', 'KERAJINAN', '2025-10-24', 'Selesai'),
(2089, 2584, 'SP1', 'KERAJINAN', '2025-10-28', 'Selesai'),
(2090, 2845, 'SP1', 'KELAKUAN', '2025-10-13', 'Selesai'),
(2091, 2845, 'SP1', 'KERAJINAN', '2025-10-05', 'Selesai'),
(2092, 2845, 'SP2', 'KERAJINAN', '2025-11-02', 'Selesai'),
(2093, 2845, 'SP1', 'KERAPIAN', '2025-08-05', 'Selesai'),
(2094, 2644, 'SP1', 'KERAJINAN', '2025-08-04', 'Selesai'),
(2095, 2604, 'SP1', 'KERAJINAN', '2025-09-13', 'Selesai'),
(2096, 2604, 'SP2', 'KERAJINAN', '2025-12-20', 'Selesai'),
(2097, 2604, 'SP1', 'KERAPIAN', '2025-10-10', 'Selesai'),
(2098, 2616, 'SP1', 'KELAKUAN', '2025-08-28', 'Selesai'),
(2099, 2616, 'SP2', 'KELAKUAN', '2025-11-04', 'Selesai'),
(2100, 2616, 'SP3', 'KELAKUAN', '2026-03-08', 'Selesai'),
(2101, 2616, 'Sanksi oleh Sekolah', 'KELAKUAN', '2026-04-22', 'Selesai'),
(2102, 2673, 'SP1', 'KERAPIAN', '2025-08-19', 'Selesai'),
(2103, 2613, 'SP1', 'KERAPIAN', '2025-08-26', 'Selesai'),
(2104, 2731, 'SP1', 'KELAKUAN', '2025-09-21', 'Selesai'),
(2105, 2731, 'SP1', 'KERAJINAN', '2025-09-03', 'Selesai'),
(2106, 2731, 'SP2', 'KERAJINAN', '2025-11-01', 'Selesai'),
(2107, 2731, 'SP3', 'KERAJINAN', '2026-01-20', 'Selesai'),
(2108, 2731, 'Sanksi oleh Sekolah', 'KERAJINAN', '2026-03-24', 'Selesai'),
(2109, 2747, 'SP1', 'KELAKUAN', '2025-09-06', 'Selesai'),
(2110, 2747, 'SP1', 'KERAJINAN', '2025-09-13', 'Selesai'),
(2111, 2646, 'SP1', 'KELAKUAN', '2025-09-09', 'Selesai'),
(2112, 2694, 'SP1', 'KERAJINAN', '2025-08-16', 'Selesai'),
(2113, 2707, 'SP1', 'KERAJINAN', '2025-09-27', 'Selesai'),
(2114, 2743, 'SP1', 'KELAKUAN', '2025-09-06', 'Selesai'),
(2115, 2743, 'SP2', 'KELAKUAN', '2025-12-02', 'Selesai'),
(2116, 2743, 'SP3', 'KELAKUAN', '2026-01-04', 'Selesai'),
(2117, 2743, 'Sanksi oleh Sekolah', 'KELAKUAN', '2026-02-28', 'Selesai'),
(2118, 2743, 'SP1', 'KERAJINAN', '2025-09-11', 'Selesai'),
(2119, 2743, 'SP2', 'KERAJINAN', '2025-11-01', 'Selesai'),
(2120, 2855, 'SP1', 'KERAJINAN', '2025-10-18', 'Selesai'),
(2121, 2690, 'SP1', 'KERAPIAN', '2025-09-13', 'Selesai'),
(2122, 2806, 'SP1', 'KERAPIAN', '2025-10-09', 'Selesai'),
(2123, 2553, 'SP1', 'KERAPIAN', '2025-09-11', 'Selesai'),
(2124, 2657, 'SP1', 'KERAPIAN', '2025-09-02', 'Selesai'),
(2125, 2603, 'SP1', 'KERAJINAN', '2025-09-16', 'Selesai'),
(2126, 2603, 'SP1', 'KERAPIAN', '2025-09-21', 'Selesai'),
(2127, 2721, 'SP1', 'KERAJINAN', '2025-08-12', 'Selesai'),
(2128, 2721, 'SP2', 'KERAJINAN', '2025-12-02', 'Selesai'),
(2129, 2726, 'SP1', 'KERAJINAN', '2025-10-15', 'Selesai'),
(2130, 2726, 'SP2', 'KERAJINAN', '2025-11-05', 'Selesai'),
(2131, 2726, 'SP3', 'KERAJINAN', '2026-03-27', 'Selesai'),
(2132, 2660, 'SP1', 'KELAKUAN', '2025-08-24', 'Selesai'),
(2133, 2660, 'SP2', 'KELAKUAN', '2025-12-18', 'Selesai'),
(2134, 2660, 'SP1', 'KERAJINAN', '2025-10-27', 'Selesai'),
(2135, 2660, 'SP2', 'KERAJINAN', '2025-12-18', 'Selesai'),
(2136, 2681, 'SP1', 'KERAPIAN', '2025-10-03', 'Selesai'),
(2137, 2819, 'SP1', 'KERAJINAN', '2025-10-22', 'Selesai'),
(2138, 2769, 'SP1', 'KERAPIAN', '2025-10-11', 'Selesai'),
(2139, 2783, 'SP1', 'KERAPIAN', '2025-08-06', 'Selesai'),
(2140, 2678, 'SP1', 'KELAKUAN', '2025-08-27', 'Selesai'),
(2141, 2839, 'SP1', 'KERAJINAN', '2025-10-07', 'Selesai'),
(2142, 2760, 'SP1', 'KERAPIAN', '2025-08-28', 'Selesai'),
(2143, 2677, 'SP1', 'KELAKUAN', '2025-09-18', 'Selesai'),
(2144, 2751, 'SP1', 'KERAJINAN', '2025-08-26', 'Selesai');

-- FASE: tb_feedback_ortu
INSERT INTO tb_feedback_ortu (id_feedback, id_ortu, id_sp, isi_feedback, status_baca) VALUES
(2000, 317, 2000, 'Maaf sekali, kemarin Budi Kusuma bangun kesiangan karena membantu saya di pasar. Saya janji tidak akan terulang lagi.', 'Sudah Dibaca'),
(2001, 114, 2002, 'Maaf sekali, kemarin Nabila Sutrisno bangun kesiangan karena membantu saya di pasar. Saya janji tidak akan terulang lagi.', 'Sudah Dibaca'),
(2002, 230, 2003, 'Saya sangat menyesal mendengar kabar ini dari pihak sekolah. Saya sebagai orang tua akan melakukan pembinaan lebih tegas lagi di rumah.', 'Sudah Dibaca'),
(2003, 178, 2004, 'Maaf sekali, kemarin Fajar Sitorus bangun kesiangan karena membantu saya di pasar. Saya janji tidak akan terulang lagi.', 'Sudah Dibaca'),
(2004, 254, 2008, 'Aduh, saya kaget melihat poin Eka Wahyudi sudah segitu. Mohon bimbingannya bapak/ibu, saya akan segera ke sekolah.', 'Sudah Dibaca'),
(2005, 218, 2011, 'Aduh, saya kaget melihat poin Keysha Hidayatullah sudah segitu. Mohon bimbingannya bapak/ibu, saya akan segera ke sekolah.', 'Sudah Dibaca'),
(2006, 259, 2012, 'Anak saya Taufik Wibowo bilang dia hanya ikut-ikutan teman. Tapi saya tetap minta maaf dan akan membina dia lebih baik lagi.', 'Sudah Dibaca'),
(2007, 215, 2013, 'Aduh, saya kaget melihat poin Siska Saputra sudah segitu. Mohon bimbingannya bapak/ibu, saya akan segera ke sekolah.', 'Sudah Dibaca'),
(2008, 215, 2014, 'Aduh, saya kaget melihat poin Siska Saputra sudah segitu. Mohon bimbingannya bapak/ibu, saya akan segera ke sekolah.', 'Sudah Dibaca'),
(2009, 190, 2016, 'Anak saya Ratna Ramadhan bilang dia hanya ikut-ikutan teman. Tapi saya tetap minta maaf dan akan membina dia lebih baik lagi.', 'Sudah Dibaca'),
(2010, 127, 2020, 'Saya sangat menyesal mendengar kabar ini dari pihak sekolah. Saya sebagai orang tua akan melakukan pembinaan lebih tegas lagi di rumah.', 'Sudah Dibaca'),
(2011, 127, 2021, 'Mohon maaf bapak/ibu guru, anak saya Hana Sitorus memang kurang disiplin. Saya akan lebih ketat mengawasinya di rumah.', 'Sudah Dibaca'),
(2012, 259, 2022, 'Mohon maaf bapak/ibu guru, anak saya Indra Gunawan memang kurang disiplin. Saya akan lebih ketat mengawasinya di rumah.', 'Sudah Dibaca'),
(2013, 325, 2029, 'Maaf sekali, kemarin Prasetyo Wahyudi bangun kesiangan karena membantu saya di pasar. Saya janji tidak akan terulang lagi.', 'Sudah Dibaca'),
(2014, 195, 2030, 'Saya sangat menyesal mendengar kabar ini dari pihak sekolah. Saya sebagai orang tua akan melakukan pembinaan lebih tegas lagi di rumah.', 'Sudah Dibaca'),
(2015, 293, 2033, 'Anak saya Eka Purnomo bilang dia hanya ikut-ikutan teman. Tapi saya tetap minta maaf dan akan membina dia lebih baik lagi.', 'Sudah Dibaca'),
(2016, 293, 2034, 'Maaf sekali, kemarin Eka Purnomo bangun kesiangan karena membantu saya di pasar. Saya janji tidak akan terulang lagi.', 'Sudah Dibaca'),
(2017, 181, 2036, 'Aduh, saya kaget melihat poin Khadijah Firmansyah sudah segitu. Mohon bimbingannya bapak/ibu, saya akan segera ke sekolah.', 'Sudah Dibaca'),
(2018, 181, 2037, 'Saya sangat menyesal mendengar kabar ini dari pihak sekolah. Saya sebagai orang tua akan melakukan pembinaan lebih tegas lagi di rumah.', 'Sudah Dibaca'),
(2019, 170, 2038, 'Mohon maaf bapak/ibu guru, anak saya Indra Sitorus memang kurang disiplin. Saya akan lebih ketat mengawasinya di rumah.', 'Sudah Dibaca'),
(2020, 224, 2040, 'Maaf sekali, kemarin Kartika Firmansyah bangun kesiangan karena membantu saya di pasar. Saya janji tidak akan terulang lagi.', 'Sudah Dibaca'),
(2021, 106, 2041, 'Anak saya Dian Sutrisno bilang dia hanya ikut-ikutan teman. Tapi saya tetap minta maaf dan akan membina dia lebih baik lagi.', 'Sudah Dibaca'),
(2022, 239, 2042, 'Aduh, saya kaget melihat poin Ahmad Wahyudi sudah segitu. Mohon bimbingannya bapak/ibu, saya akan segera ke sekolah.', 'Sudah Dibaca'),
(2023, 203, 2045, 'Anak saya Dewi Firmansyah bilang dia hanya ikut-ikutan teman. Tapi saya tetap minta maaf dan akan membina dia lebih baik lagi.', 'Sudah Dibaca'),
(2024, 203, 2046, 'Terima kasih informasinya. Saya sudah memarahi Dewi Firmansyah karena poinnya sudah 9999. Saya akan menghadap wali kelas besok pagi.', 'Sudah Dibaca'),
(2025, 203, 2048, 'Anak saya Dewi Firmansyah bilang dia hanya ikut-ikutan teman. Tapi saya tetap minta maaf dan akan membina dia lebih baik lagi.', 'Sudah Dibaca'),
(2026, 231, 2049, 'Saya sangat menyesal mendengar kabar ini dari pihak sekolah. Saya sebagai orang tua akan melakukan pembinaan lebih tegas lagi di rumah.', 'Sudah Dibaca'),
(2027, 138, 2051, 'Terima kasih informasinya. Saya sudah memarahi Hasan Pohan karena poinnya sudah 150. Saya akan menghadap wali kelas besok pagi.', 'Sudah Dibaca'),
(2028, 227, 2052, 'Mohon maaf bapak/ibu guru, anak saya Sari Hidayatullah memang kurang disiplin. Saya akan lebih ketat mengawasinya di rumah.', 'Sudah Dibaca'),
(2029, 342, 2054, 'Aduh, saya kaget melihat poin Ahmad Saputra sudah segitu. Mohon bimbingannya bapak/ibu, saya akan segera ke sekolah.', 'Sudah Dibaca'),
(2030, 342, 2055, 'Maaf sekali, kemarin Ahmad Saputra bangun kesiangan karena membantu saya di pasar. Saya janji tidak akan terulang lagi.', 'Sudah Dibaca'),
(2031, 342, 2056, 'Mohon maaf bapak/ibu guru, anak saya Ahmad Saputra memang kurang disiplin. Saya akan lebih ketat mengawasinya di rumah.', 'Sudah Dibaca'),
(2032, 344, 2057, 'Saya sangat menyesal mendengar kabar ini dari pihak sekolah. Saya sebagai orang tua akan melakukan pembinaan lebih tegas lagi di rumah.', 'Sudah Dibaca'),
(2033, 176, 2061, 'Maaf sekali, kemarin Keysha Ramadhan bangun kesiangan karena membantu saya di pasar. Saya janji tidak akan terulang lagi.', 'Sudah Dibaca'),
(2034, 319, 2062, 'Mohon maaf bapak/ibu guru, anak saya Lukman Pohan memang kurang disiplin. Saya akan lebih ketat mengawasinya di rumah.', 'Sudah Dibaca'),
(2035, 319, 2063, 'Saya sangat menyesal mendengar kabar ini dari pihak sekolah. Saya sebagai orang tua akan melakukan pembinaan lebih tegas lagi di rumah.', 'Sudah Dibaca'),
(2036, 319, 2064, 'Mohon maaf bapak/ibu guru, anak saya Lukman Pohan memang kurang disiplin. Saya akan lebih ketat mengawasinya di rumah.', 'Sudah Dibaca'),
(2037, 345, 2070, 'Maaf sekali, kemarin Ahmad Budiman bangun kesiangan karena membantu saya di pasar. Saya janji tidak akan terulang lagi.', 'Sudah Dibaca'),
(2038, 345, 2074, 'Aduh, saya kaget melihat poin Ahmad Budiman sudah segitu. Mohon bimbingannya bapak/ibu, saya akan segera ke sekolah.', 'Sudah Dibaca'),
(2039, 345, 2075, 'Terima kasih informasinya. Saya sudah memarahi Ahmad Budiman karena poinnya sudah 550. Saya akan menghadap wali kelas besok pagi.', 'Sudah Dibaca'),
(2040, 345, 2076, 'Saya sangat menyesal mendengar kabar ini dari pihak sekolah. Saya sebagai orang tua akan melakukan pembinaan lebih tegas lagi di rumah.', 'Sudah Dibaca'),
(2041, 133, 2077, 'Maaf sekali, kemarin Utami Ginting bangun kesiangan karena membantu saya di pasar. Saya janji tidak akan terulang lagi.', 'Sudah Dibaca'),
(2042, 133, 2078, 'Saya sangat menyesal mendengar kabar ini dari pihak sekolah. Saya sebagai orang tua akan melakukan pembinaan lebih tegas lagi di rumah.', 'Sudah Dibaca'),
(2043, 138, 2080, 'Aduh, saya kaget melihat poin Fajar Setiawan sudah segitu. Mohon bimbingannya bapak/ibu, saya akan segera ke sekolah.', 'Sudah Dibaca'),
(2044, 138, 2082, 'Aduh, saya kaget melihat poin Fajar Setiawan sudah segitu. Mohon bimbingannya bapak/ibu, saya akan segera ke sekolah.', 'Sudah Dibaca'),
(2045, 106, 2084, 'Aduh, saya kaget melihat poin Yanto Purnomo sudah segitu. Mohon bimbingannya bapak/ibu, saya akan segera ke sekolah.', 'Sudah Dibaca'),
(2046, 109, 2087, 'Anak saya Zulkifli Sutrisno bilang dia hanya ikut-ikutan teman. Tapi saya tetap minta maaf dan akan membina dia lebih baik lagi.', 'Sudah Dibaca'),
(2047, 321, 2088, 'Terima kasih informasinya. Saya sudah memarahi Ratna Firmansyah karena poinnya sudah 125. Saya akan menghadap wali kelas besok pagi.', 'Sudah Dibaca'),
(2048, 245, 2091, 'Maaf sekali, kemarin Amalia Hidayat bangun kesiangan karena membantu saya di pasar. Saya janji tidak akan terulang lagi.', 'Sudah Dibaca'),
(2049, 245, 2092, 'Saya sangat menyesal mendengar kabar ini dari pihak sekolah. Saya sebagai orang tua akan melakukan pembinaan lebih tegas lagi di rumah.', 'Sudah Dibaca'),
(2050, 245, 2093, 'Maaf sekali, kemarin Amalia Hidayat bangun kesiangan karena membantu saya di pasar. Saya janji tidak akan terulang lagi.', 'Sudah Dibaca'),
(2051, 203, 2094, 'Terima kasih informasinya. Saya sudah memarahi Maya Nasution karena poinnya sudah 125. Saya akan menghadap wali kelas besok pagi.', 'Sudah Dibaca'),
(2052, 117, 2095, 'Terima kasih informasinya. Saya sudah memarahi Surya Gunawan karena poinnya sudah 300. Saya akan menghadap wali kelas besok pagi.', 'Sudah Dibaca'),
(2053, 117, 2096, 'Anak saya Surya Gunawan bilang dia hanya ikut-ikutan teman. Tapi saya tetap minta maaf dan akan membina dia lebih baik lagi.', 'Sudah Dibaca'),
(2054, 117, 2097, 'Anak saya Surya Gunawan bilang dia hanya ikut-ikutan teman. Tapi saya tetap minta maaf dan akan membina dia lebih baik lagi.', 'Sudah Dibaca'),
(2055, 337, 2098, 'Anak saya Siska Raharjo bilang dia hanya ikut-ikutan teman. Tapi saya tetap minta maaf dan akan membina dia lebih baik lagi.', 'Sudah Dibaca'),
(2056, 337, 2100, 'Anak saya Siska Raharjo bilang dia hanya ikut-ikutan teman. Tapi saya tetap minta maaf dan akan membina dia lebih baik lagi.', 'Sudah Dibaca'),
(2057, 337, 2101, 'Saya sangat menyesal mendengar kabar ini dari pihak sekolah. Saya sebagai orang tua akan melakukan pembinaan lebih tegas lagi di rumah.', 'Sudah Dibaca'),
(2058, 271, 2102, 'Aduh, saya kaget melihat poin Utami Pohan sudah segitu. Mohon bimbingannya bapak/ibu, saya akan segera ke sekolah.', 'Sudah Dibaca'),
(2059, 274, 2105, 'Aduh, saya kaget melihat poin Khadijah Nasution sudah segitu. Mohon bimbingannya bapak/ibu, saya akan segera ke sekolah.', 'Sudah Dibaca'),
(2060, 274, 2108, 'Terima kasih informasinya. Saya sudah memarahi Khadijah Nasution karena poinnya sudah 950. Saya akan menghadap wali kelas besok pagi.', 'Sudah Dibaca'),
(2061, 161, 2111, 'Saya sangat menyesal mendengar kabar ini dari pihak sekolah. Saya sebagai orang tua akan melakukan pembinaan lebih tegas lagi di rumah.', 'Sudah Dibaca'),
(2062, 200, 2112, 'Saya sangat menyesal mendengar kabar ini dari pihak sekolah. Saya sebagai orang tua akan melakukan pembinaan lebih tegas lagi di rumah.', 'Sudah Dibaca'),
(2063, 232, 2113, 'Saya sangat menyesal mendengar kabar ini dari pihak sekolah. Saya sebagai orang tua akan melakukan pembinaan lebih tegas lagi di rumah.', 'Sudah Dibaca'),
(2064, 272, 2114, 'Saya sangat menyesal mendengar kabar ini dari pihak sekolah. Saya sebagai orang tua akan melakukan pembinaan lebih tegas lagi di rumah.', 'Sudah Dibaca'),
(2065, 272, 2115, 'Saya sangat menyesal mendengar kabar ini dari pihak sekolah. Saya sebagai orang tua akan melakukan pembinaan lebih tegas lagi di rumah.', 'Sudah Dibaca'),
(2066, 136, 2120, 'Maaf sekali, kemarin Nur Firmansyah bangun kesiangan karena membantu saya di pasar. Saya janji tidak akan terulang lagi.', 'Sudah Dibaca'),
(2067, 170, 2122, 'Mohon maaf bapak/ibu guru, anak saya Ahmad Saputra memang kurang disiplin. Saya akan lebih ketat mengawasinya di rumah.', 'Sudah Dibaca'),
(2068, 345, 2123, 'Aduh, saya kaget melihat poin Surya Pratama sudah segitu. Mohon bimbingannya bapak/ibu, saya akan segera ke sekolah.', 'Sudah Dibaca'),
(2069, 213, 2124, 'Saya sangat menyesal mendengar kabar ini dari pihak sekolah. Saya sebagai orang tua akan melakukan pembinaan lebih tegas lagi di rumah.', 'Sudah Dibaca'),
(2070, 154, 2125, 'Anak saya Wawan Gunawan bilang dia hanya ikut-ikutan teman. Tapi saya tetap minta maaf dan akan membina dia lebih baik lagi.', 'Sudah Dibaca'),
(2071, 154, 2126, 'Terima kasih informasinya. Saya sudah memarahi Wawan Gunawan karena poinnya sudah 100. Saya akan menghadap wali kelas besok pagi.', 'Sudah Dibaca'),
(2072, 187, 2128, 'Saya sangat menyesal mendengar kabar ini dari pihak sekolah. Saya sebagai orang tua akan melakukan pembinaan lebih tegas lagi di rumah.', 'Sudah Dibaca'),
(2073, 306, 2130, 'Aduh, saya kaget melihat poin Rini Pane sudah segitu. Mohon bimbingannya bapak/ibu, saya akan segera ke sekolah.', 'Sudah Dibaca'),
(2074, 199, 2132, 'Terima kasih informasinya. Saya sudah memarahi Wawan Wahyudi karena poinnya sudah 800. Saya akan menghadap wali kelas besok pagi.', 'Sudah Dibaca'),
(2075, 199, 2133, 'Mohon maaf bapak/ibu guru, anak saya Wawan Wahyudi memang kurang disiplin. Saya akan lebih ketat mengawasinya di rumah.', 'Sudah Dibaca'),
(2076, 199, 2134, 'Terima kasih informasinya. Saya sudah memarahi Wawan Wahyudi karena poinnya sudah 325. Saya akan menghadap wali kelas besok pagi.', 'Sudah Dibaca'),
(2077, 286, 2136, 'Anak saya Dimas Budiman bilang dia hanya ikut-ikutan teman. Tapi saya tetap minta maaf dan akan membina dia lebih baik lagi.', 'Sudah Dibaca'),
(2078, 318, 2137, 'Anak saya Indra Purnomo bilang dia hanya ikut-ikutan teman. Tapi saya tetap minta maaf dan akan membina dia lebih baik lagi.', 'Sudah Dibaca'),
(2079, 230, 2140, 'Mohon maaf bapak/ibu guru, anak saya Husain Nasution memang kurang disiplin. Saya akan lebih ketat mengawasinya di rumah.', 'Sudah Dibaca'),
(2080, 166, 2144, 'Anak saya Taufik Pratama bilang dia hanya ikut-ikutan teman. Tapi saya tetap minta maaf dan akan membina dia lebih baik lagi.', 'Sudah Dibaca');

COMMIT;
SET FOREIGN_KEY_CHECKS = 1;